,Title,Title_JP,Genre,Genre_JP,Director,Director_JP,Actors,Actors_JP,Plot,Plot_JP
1,The Shawshank Redemption,ショーシャンクの空に,"Crime, Drama",犯罪ドラマ,Frank Darabont,フランク・ダラボント,"Tim Robbins, Morgan Freeman, Bob Gunton, William Sadler",ティム・ロビンズ、モーガン・フリーマン、ボブ・ガントン、ウィリアム・サドラー,"Two imprisoned men bond over a number of years, finding solace and eventual redemption through acts of common decency.",2人の投獄された男性が何年にもわたって絆を結び、共通の良識の行為を通じて慰めと最終的なredいを見つけました。
2,The Godfather,ゴッドファーザー,"Crime, Drama",犯罪ドラマ,Francis Ford Coppola,フランシス・フォード・コッポラ,"Marlon Brando, Al Pacino, James Caan, Richard S. Castellano",マーロン・ブランド、アル・パチーノ、ジェームズ・カーン、リチャード・S・カステラーノ,The aging patriarch of an organized crime dynasty transfers control of his clandestine empire to his reluctant son.,組織化された犯罪王朝の老化した家長は、彼の秘密帝国の消極的な息子に支配権を譲渡します。
3,The Godfather: Part II,ゴッドファーザー：パートII,"Crime, Drama",犯罪ドラマ,Francis Ford Coppola,フランシス・フォード・コッポラ,"Al Pacino, Robert Duvall, Diane Keaton, Robert De Niro",アル・パチーノ、ロバート・デュバル、ダイアン・キートン、ロバート・デ・ニーロ,"The early life and career of Vito Corleone in 1920s New York is portrayed while his son, Michael, expands and tightens his grip on the family crime syndicate.",1920年代のニューヨークのヴィトコルレオーネの初期の人生とキャリアは、息子のマイケルが家族の犯罪シンジケートを拡大し、強くしている間に描かれています。
4,The Dark Knight,ダークナイト,"Action, Crime, Drama",アクション、犯罪、ドラマ,Christopher Nolan,クリストファー・ノーラン,"Christian Bale, Heath Ledger, Aaron Eckhart, Michael Caine",クリスチャン・ベール、ヒース・レジャー、アーロン・エックハート、マイケル・ケイン,"When the menace known as the Joker emerges from his mysterious past, he wreaks havoc and chaos on the people of Gotham, the Dark Knight must accept one of the greatest psychological and physical tests of his ability to fight injustice.",ジョーカーとして知られる脅威が彼の神秘的な過去から現れたとき、彼はゴッサムの人々に大混乱と混乱をもたらします。
5,12 Angry Men,12人の怒っている男性,"Crime, Drama",犯罪ドラマ,Sidney Lumet,シドニールメット,"Martin Balsam, John Fiedler, Lee J. Cobb, E.G. Marshall",マーティン・バルサム、ジョン・フィードラー、リー・J・コブ、例えばマーシャル,A jury holdout attempts to prevent a miscarriage of justice by forcing his colleagues to reconsider the evidence.,ju審員は、同僚に証拠を再考することを強制することにより、正義の流産を防止しようとします。
6,Schindler's List,シンドラーのリスト,"Biography, Drama, History",伝記、ドラマ、歴史,Steven Spielberg,スティーブン・スピルバーグ,"Liam Neeson, Ben Kingsley, Ralph Fiennes, Caroline Goodall",リアム・ニーソン、ベン・キングスレー、ラルフ・ファインズ、キャロライン・グッドオール,"In German-occupied Poland during World War II, Oskar Schindler gradually becomes concerned for his Jewish workforce after witnessing their persecution by the Nazi Germans.",第二次世界大戦中のドイツ占領ポーランドでは、オスカー・シンドラーは、ナチスのドイツ人による迫害を目撃した後、徐々にユダヤ人の労働力を心配します。
7,Pulp Fiction,パルプ·フィクション,"Crime, Drama",犯罪ドラマ,Quentin Tarantino,クエンティン・タランティーノ,"Tim Roth, Amanda Plummer, Laura Lovelace, John Travolta",ティム・ロス、アマンダ・プラマー、ローラ・ラブレース、ジョン・トラボルタ,"The lives of two mob hit men, a boxer, a gangster's wife, and a pair of diner bandits intertwine in four tales of violence and redemption.",2人の暴徒の命は、ボクサー、ギャングの妻、そして一対のダイナー盗賊が暴力とredいの4つの物語に絡み合っています。
8,The Lord of the Rings: The Return of the King,指輪の主：王の帰還,"Adventure, Drama, Fantasy",冒険、ドラマ、ファンタジー,Peter Jackson,ピーター・ジャクソン,"Noel Appleby, Ali Astin, Sean Astin, David Aston",ノエル・アップルビー、アリ・アシン、ショーン・アシン、デビッド・アストン,Gandalf and Aragorn lead the World of Men against Sauron's army to draw his gaze from Frodo and Sam as they approach Mount Doom with the One Ring.,ガンダルフとアラゴルンは、サウロンの軍隊に対して男性の世界を率いて、フロドとサムから彼の視線を1​​つの指輪でドゥーム山に近づきました。
9,Fight Club,ファイトクラブ,Drama,ドラマ,David Fincher,デビッドフィンチャー,"Edward Norton, Brad Pitt, Meat Loaf, Zach Grenier",エドワード・ノートン、ブラッド・ピット、ミートローフ、ザック・グレニエ,"An insomniac office worker, looking for a way to change his life, crosses paths with a devil-may-care soap maker, forming an underground fight club that evolves into something much, much more.",不眠症のオフィスワーカーは、彼の人生を変える方法を探しており、悪魔のようなケアの石鹸メーカーと道を渡り、より多くの何かに進化する地下の戦いクラブを形成します。
10,The Lord of the Rings: The Fellowship of the Ring,ロードオブザリング：リングのフェローシップ,"Adventure, Drama, Fantasy",冒険、ドラマ、ファンタジー,Peter Jackson,ピーター・ジャクソン,"Alan Howard, Noel Appleby, Sean Astin, Sala Baker",アラン・ハワード、ノエル・アップルビー、ショーン・アシン、サラ・ベイカー,A meek Hobbit from the Shire and eight companions set out on a journey to destroy the powerful One Ring and save Middle Earth from the Dark Lord Sauron.,シャイアの柔和なホビットと8人の仲間が、強力な1つの指輪を破壊し、暗い主サウロンから中つ国を救うための旅に出発しました。
11,Forrest Gump,フォレストガンプ,"Comedy, Drama, Romance",コメディ、ドラマ、ロマンス,Robert Zemeckis,ロバート・ゼメッキス,"Tom Hanks, Rebecca Williams, Sally Field, Michael Conner Humphreys",トム・ハンクス、レベッカ・ウィリアムズ、サリー・フィールド、マイケル・コナー・ハンフリーズ,"While not intelligent, Forrest Gump has accidentally been present at many historic moments, but his true love, Jenny Curran, eludes him.",インテリジェントではありませんが、フォレストガンプは多くの歴史的な瞬間に偶然存在していますが、彼の本当の愛であるジェニー・カランは彼を避けています。
12,Star Wars: Episode V - The Empire Strikes Back,スターウォーズ：エピソードV-帝国が逆立ちます,"Action, Adventure, Fantasy",アクション、冒険、ファンタジー,Irvin Kershner,アービン・カーシュナー,"Mark Hamill, Harrison Ford, Carrie Fisher, Billy Dee Williams",マーク・ハミル、ハリソン・フォード、キャリー・フィッシャー、ビリー・ディー・ウィリアムズ,"After the rebels are overpowered by the Empire on their newly established base, Luke Skywalker begins Jedi training with Master Yoda. His friends accept shelter from a questionable ally as Darth Vader hunts them in a plan to capture Luke.",反政府勢力が新しく設立された基地で帝国に圧倒された後、ルーク・スカイウォーカーはマスター・ヨーダとジェダイのトレーニングを開始します。ダース・ベイダーがルークを捕らえる計画で彼らを狩るので、彼の友人は疑わしい味方から避難所を受け入れます。
13,Inception,インセプション,"Action, Adventure, Sci-Fi",アクション、アドベンチャー、SF,Christopher Nolan,クリストファー・ノーラン,"Leonardo DiCaprio, Joseph Gordon-Levitt, Ellen Page, Tom Hardy",レオナルド・ディカプリオ、ジョセフ・ゴードン・レビット、エレン・ペイジ、トム・ハーディ,"A thief, who steals corporate secrets through use of dream-sharing technology, is given the inverse task of planting an idea into the mind of a CEO.",夢の共有テクノロジーを使用して企業の秘密を盗む泥棒は、CEOの心にアイデアを植えるという逆課題を与えられています。
14,The Lord of the Rings: The Two Towers,ロードオブザリング：2つの塔,"Adventure, Drama, Fantasy",冒険、ドラマ、ファンタジー,Peter Jackson,ピーター・ジャクソン,"Bruce Allpress, Sean Astin, John Bach, Sala Baker",ブルース・オールプレス、ショーン・アシン、ジョン・バッハ、サラ・ベイカー,"While Frodo and Sam edge closer to Mordor with the help of the shifty Gollum, the divided fellowship makes a stand against Sauron's new ally, Saruman, and his hordes of Isengard.",フロドとサムエッジは、シュフィーゴラムの助けを借りてモルドールに近づいていますが、分割されたフェローシップはサウロンの新しい同盟国、サルマン、そして彼のイセンガードの大群に反対します。
15,One Flew Over the Cuckoo's Nest,カッコーの巣の上で,Drama,ドラマ,Milos Forman,ミロス・フォーマン,"Michael Berryman, Peter Brocco, Dean R. Brooks, Alonzo Brown",マイケル・ベリーマン、ピーター・ブロッコ、ディーン・R・ブルックス、アロンゾ・ブラウン,A criminal pleads insanity after getting into trouble again and once in the mental institution rebels against the oppressive nurse and rallies up the scared patients.,犯罪者は、再びトラブルに巻き込まれた後、精神施設に一度抑圧的な看護師に反抗し、怖い患者を集めた後、狂気を訴えます。
16,Goodfellas,グッドフェラス,"Crime, Drama",犯罪ドラマ,Martin Scorsese,マーティン・スコセッシ,"Robert De Niro, Ray Liotta, Joe Pesci, Lorraine Bracco",ロバート・デ・ニーロ、レイ・リオッタ、ジョー・ペシ、ロレイン・ブラコ,"The story of Henry Hill and his life through the teen years into the years of mafia, covering his relationship with wife Karen Hill and his Mob partners Jimmy Conway and Tommy DeVitto in the Italian-American crime syndicate.",ヘンリー・ヒルの物語と10代を通しての彼の人生は、妻のカレン・ヒルと彼の暴徒パートナーであるジミー・コンウェイとトミー・デヴィットとの関係をカバーしています。
17,Seven Samurai,セブンサムライ,"Adventure, Drama",冒険、ドラマ,Akira Kurosawa,黒澤明,"Toshirô Mifune, Takashi Shimura, Keiko Tsushima, Yukiko Shimazaki",ミフネトシロ、島村高橋、sushiko島、島崎ユキコ,A poor village under attack by bandits recruits seven unemployed samurai to help them defend themselves.,盗賊による攻撃を受けている貧しい村は、7人の失業者が自分自身を守るのを助けるために募集します。
18,Star Wars: Episode IV - A New Hope,スターウォーズ：エピソードIV-新しい希望,"Action, Adventure, Fantasy",アクション、冒険、ファンタジー,George Lucas,ジョージ・ルーカス,"Mark Hamill, Harrison Ford, Carrie Fisher, Peter Cushing",マーク・ハミル、ハリソン・フォード、キャリー・フィッシャー、ピーター・クッシング,"Luke Skywalker joins forces with a Jedi Knight, a cocky pilot, a wookiee and two droids to save the galaxy from the Empire's world-destroying battle-station, while also attempting to rescue Princess Leia from the evil Darth Vader.",ルーク・スカイウォーカーは、ジェダイ・ナイト、生意気なパイロット、ウーキー、2つのドロイドと力を合わせて、帝国の世界破壊的な戦闘ステーションから銀河を救い、邪悪なダース・ベイダーからレイア王女を救おうとします。
19,The Silence of the Lambs,羊たちの沈黙,"Crime, Drama, Thriller",犯罪、ドラマ、スリラー,Jonathan Demme,ジョナサン・デム,"Jodie Foster, Lawrence A. Bonney, Kasi Lemmons, Lawrence T. Wrentz",ジョディ・フォスター、ローレンス・A・ボニー、カシ・レモンズ、ローレンス・T・レンツ,A young F.B.I. cadet must confide in an incarcerated and manipulative killer to receive his help on catching another serial killer who skins his victims.,若いF.B.I.士官候補生は、犠牲者を皮をむいた別の連続殺人犯を捕まえるために彼の助けを受けて、投獄された操作的な殺人者に打ち明けなければなりません。
20,It's a Wonderful Life,素晴らしい人生だ,"Drama, Family, Fantasy",ドラマ、家族、ファンタジー,Frank Capra,フランク・キャプラ,"James Stewart, Donna Reed, Lionel Barrymore, Thomas Mitchell",ジェームズ・スチュワート、ドナ・リード、ライオネル・バリモア、トーマス・ミッチェル,An angel is sent from Heaven to help a desperately frustrated businessman by showing him what life would have been like if he had never existed.,天使は天国から送られ、必死にイライラしたビジネスマンが、彼が存在しなかったらどんな人生だったのかを彼に示すことで助けられます。
21,Life Is Beautiful,人生は素晴らしい,"Comedy, Drama, War",コメディ、ドラマ、戦争,Roberto Benigni,ロベルト・ベニーニ,"Roberto Benigni, Nicoletta Braschi, Giorgio Cantarini, Giustino Durano",ロベルト・ベニーニ、ニコレッタ・ブラシ、ジョルジオ・カンタリーニ、ジュスティーノ・デュラノ,"When an open-minded Jewish librarian and his son become victims of the Holocaust, he uses a perfect mixture of will, humor and imagination to protect his son from the dangers around their camp.",心のこもったユダヤ人の司書と彼の息子がホロコーストの犠牲者になると、彼は意志、ユーモア、想像力の完璧な混合を使用して、息子をキャンプの周りの危険から守ります。
22,The Usual Suspects,通常の容疑者,"Crime, Drama, Mystery",犯罪、ドラマ、ミステリー,Bryan Singer,ブライアンシンガー,"Stephen Baldwin, Gabriel Byrne, Benicio Del Toro, Kevin Pollak",スティーブン・ボールドウィン、ガブリエル・バーン、ベニシオ・デル・トロ、ケビン・ポラック,"A sole survivor tells of the twisty events leading up to a horrific gun battle on a boat, which began when five criminals met at a seemingly random police lineup.",唯一の生存者は、5人の犯罪者が一見ランダムな警察のラインナップで出会ったときに始まったボートでの恐ろしい銃の戦いに至るまでのねじれた出来事を語っています。
23,Saving Private Ryan,プライベート・ライアン,"Drama, War",ドラマ、戦争,Steven Spielberg,スティーブン・スピルバーグ,"Tom Hanks, Tom Sizemore, Edward Burns, Barry Pepper",トム・ハンクス、トム・サイズモア、エドワード・バーンズ、バリー・ペッパー,"Following the Normandy Landings, a group of U.S. soldiers go behind enemy lines to retrieve a paratrooper whose brothers have been killed in action.",ノルマンディーの着陸に続いて、米軍のグループが敵の境界の後ろに行き、兄弟が行動中に殺された空tro部隊を回収します。
24,Once Upon a Time in the West,西の昔々,Western,西,Sergio Leone,セルジオ・レオーネ,"Claudia Cardinale, Henry Fonda, Jason Robards, Charles Bronson",クラウディア・カーディナール、ヘンリー・フォンダ、ジェイソン・ロバード、チャールズ・ブロンソン,A mysterious stranger with a harmonica joins forces with a notorious desperado to protect a beautiful widow from a ruthless assassin working for the railroad.,ハーモニカを備えた神秘的な見知らぬ人は、悪名高いデスペラドと力を合わせて、鉄道で働いている冷酷な暗殺者から美しい未亡人を守ります。
25,American History X,アメリカの歴史x,"Crime, Drama",犯罪ドラマ,Tony Kaye,トニー・ケイ,"Edward Norton, Edward Furlong, Beverly D'Angelo, Jennifer Lien",エドワード・ノートン、エドワード・ファーロン、ビバリー・ダンジェロ、ジェニファー・リーン,A former neo-nazi skinhead tries to prevent his younger brother from going down the same wrong path that he did.,元ネオナチのスキンヘッドは、弟が彼がしたのと同じ間違った道を歩くのを防ぐことを試みます。
26,Interstellar,星間,"Adventure, Drama, Sci-Fi",冒険、ドラマ、SF,Christopher Nolan,クリストファー・ノーラン,"Ellen Burstyn, Matthew McConaughey, Mackenzie Foy, John Lithgow",エレン・バースティン、マシュー・マコノヒー、マッケンジー・フォイ、ジョン・リスゴー,A team of explorers travel through a wormhole in space in an attempt to ensure humanity's survival.,探検家のチームは、人類の生存を確実にするために、宇宙のワームホールを旅します。
27,Psycho,サイコ,"Horror, Mystery, Thriller",ホラー、ミステリー、スリラー,Alfred Hitchcock,アルフレッド・ヒッチコック,"Anthony Perkins, Vera Miles, John Gavin, Janet Leigh",アンソニー・パーキンス、ベラ・マイルズ、ジョン・ギャビン、ジャネット・リー,"A Phoenix secretary embezzles $40,000 from her employer's client, goes on the run, and checks into a remote motel run by a young man under the domination of his mother.","フェニックスの秘書は、雇用主のクライアントから40,000ドルを横領し、走り続け、母親の支配下で若者が運営するリモートモーテルにチェックインします。"
28,Casablanca,カサブランカ,"Drama, Romance, War",ドラマ、ロマンス、戦争,Michael Curtiz,マイケル・カーティス,"Humphrey Bogart, Ingrid Bergman, Paul Henreid, Claude Rains",ハンフリー・ボガート、イングリッド・バーグマン、ポール・ヘンリード、クロード・レインズ,"In Casablanca in December 1941, a cynical American expatriate encounters a former lover, with unforeseen complications.",1941年12月のカサブランカでは、皮肉なアメリカ人駐在員が、予期せぬ合併症を伴う元恋人と出会います。
29,City Lights,街の明かり,"Comedy, Drama, Romance",コメディ、ドラマ、ロマンス,Charles Chaplin,チャールズ・チャップリン,"Virginia Cherrill, Florence Lee, Harry Myers, Al Ernest Garcia",バージニア・チェリル、フローレンス・リー、ハリー・マイヤーズ、アル・アーネスト・ガルシア,"With the aid of a wealthy erratic tippler, a dewy-eyed tramp who has fallen in love with a sightless flower girl accumulates money to be able to help her medically.",裕福な不安定なティップラーの助けを借りて、視界のない花の少女に恋をした露出した目の不足は、医学的に彼女を助けることができるためにお金を蓄積します。
30,The Green Mile,グリーンマイル,"Crime, Drama, Fantasy",犯罪、ドラマ、ファンタジー,Frank Darabont,フランク・ダラボント,"Tom Hanks, David Morse, Michael Clarke Duncan, Bonnie Hunt",トム・ハンクス、デビッド・モース、マイケル・クラーク・ダンカン、ボニー・ハント,"The lives of guards on Death Row are affected by one of their charges: a black man accused of child murder and rape, yet who has a mysterious gift.",死刑囚の警備員の生活は、彼らの告発の1つの影響を受けます。児童殺人とレイプで告発された黒人男性ですが、神秘的な贈り物を持っています。
31,Modern Times,現代,"Comedy, Drama, Family",コメディ、ドラマ、家族,Charles Chaplin,チャールズ・チャップリン,"Charles Chaplin, Paulette Goddard, Henry Bergman, Tiny Sandford",チャールズ・チャップリン、ポーレット・ゴダード、ヘンリー・バーグマン、小さなサンドフォード,The Tramp struggles to live in modern industrial society with the help of a young homeless woman.,トランプは、若いホームレスの女性の助けを借りて、現代の産業社会に住むのに苦労しています。
32,Raiders of the Lost Ark,レイダース・失われたアーク,"Action, Adventure",アクションアドベンチャー,Steven Spielberg,スティーブン・スピルバーグ,"Harrison Ford, Karen Allen, Paul Freeman, Ronald Lacey",ハリソン・フォード、カレン・アレン、ポール・フリーマン、ロナルド・レイシー,Archaeologist and adventurer Indiana Jones is hired by the U.S. government to find the Ark of the Covenant before the Nazis.,考古学者であり冒険者であるインディアナ・ジョーンズは、ナチスの前に契約の箱を見つけるために米国政府に雇われています。
33,Rear Window,リアウインドウ,"Mystery, Thriller",ミステリー、スリラー,Alfred Hitchcock,アルフレッド・ヒッチコック,"James Stewart, Grace Kelly, Wendell Corey, Thelma Ritter",ジェームズ・スチュワート、グレース・ケリー、ウェンデル・コーリー、テルマ・リッター,A wheelchair-bound photographer spies on his neighbours from his apartment window and becomes convinced one of them has committed murder.,車椅子に縛られた写真家が彼のアパートの窓から彼の隣人にスパイをスパイし、彼らの一人が殺人を犯したと確信するようになります。
34,The Departed,故人,"Crime, Drama, Thriller",犯罪、ドラマ、スリラー,Martin Scorsese,マーティン・スコセッシ,"Leonardo DiCaprio, Matt Damon, Jack Nicholson, Mark Wahlberg",レオナルド・ディカプリオ、マット・デイモン、ジャック・ニコルソン、マーク・ウォールバーグ,An undercover cop and a mole in the police attempt to identify each other while infiltrating an Irish gang in South Boston.,サウスボストンのアイルランドのギャングに潜入しながら、警察の秘密の警官とモグラがお互いを識別しようとします。
35,Terminator 2: Judgment Day,ターミネーター2：審判の日,"Action, Sci-Fi, Thriller",アクション、SF、スリラー,James Cameron,ジェームズ・キャメロン,"Arnold Schwarzenegger, Linda Hamilton, Edward Furlong, Robert Patrick",アーノルド・シュワルツェネッガー、リンダ・ハミルトン、エドワード・ファーロン、ロバート・パトリック,"A cyborg, identical to the one who failed to kill Sarah Connor, must now protect her ten year old son, John Connor, from a more advanced cyborg.",サラ・コナーを殺さなかった人と同じサイボーグは、今や10歳の息子、ジョン・コナーをより高度なサイボーグから守らなければなりません。
36,Back to the Future,バック・トゥ・ザ・フューチャー,"Adventure, Comedy, Sci-Fi",アドベンチャー、コメディ、SF,Robert Zemeckis,ロバート・ゼメッキス,"Michael J. Fox, Christopher Lloyd, Lea Thompson, Crispin Glover",マイケル・J・フォックス、クリストファー・ロイド、リー・トンプソン、クリスピングローバー,"Marty McFly, a 17-year-old high school student, is accidentally sent 30 years into the past in a time-traveling DeLorean invented by his close friend, the maverick scientist Doc Brown.",17歳の高校生であるマーティ・マクフライは、彼の親友であるマーベリックの科学者であるドック・ブラウンによって発明された時間旅行のデロリアンで、過去30年に誤って送られました。
37,Whiplash,むち打ち,"Drama, Music",ドラマ、音楽,Damien Chazelle,ダミアン・チャゼル,"Miles Teller, J.K. Simmons, Paul Reiser, Melissa Benoist",マイルズテラー、J.K。シモンズ、ポール・レイザー、メリッサ・ベノイスト,A promising young drummer enrolls at a cut-throat music conservatory where his dreams of greatness are mentored by an instructor who will stop at nothing to realize a student's potential.,有望な若いドラマーがカットスロートミュージックコンサバトリーに登録し、そこで彼の偉大さの夢は、学生の可能性を実現するために何も止めないインストラクターによって指導されます。
38,Gladiator,剣闘士,"Action, Adventure, Drama",アクション、冒険、ドラマ,Ridley Scott,リドリー・スコット,"Russell Crowe, Joaquin Phoenix, Connie Nielsen, Oliver Reed",ラッセル・クロウ、ホアキン・フェニックス、コニー・ニールセン、オリバー・リード,"When a Roman general is betrayed and his family murdered by an emperor's corrupt son, he comes to Rome as a gladiator to seek revenge.",ローマの将軍が裏切られ、彼の家族が皇帝の腐敗した息子に殺されたとき、彼は復venを求めるために剣闘士としてローマに来ます。
39,Memento,記念,"Mystery, Thriller",ミステリー、スリラー,Christopher Nolan,クリストファー・ノーラン,"Guy Pearce, Carrie-Anne Moss, Joe Pantoliano, Mark Boone Junior",ガイ・ピアース、キャリー・アン・モス、ジョー・パントリアーノ、マーク・ブーン・ジュニア,A man juggles searching for his wife's murderer and keeping his short-term memory loss from being an obstacle.,男は妻の殺人者を探して、短期的な記憶喪失を障害にならないようにします。
40,The Prestige,名声,"Drama, Mystery, Sci-Fi",ドラマ、ミステリー、SF,Christopher Nolan,クリストファー・ノーラン,"Hugh Jackman, Christian Bale, Michael Caine, Piper Perabo",ヒュー・ジャックマン、クリスチャン・ベール、マイケル・ケイン、パイパー・ペラボ,Two stage magicians engage in competitive one-upmanship in an attempt to create the ultimate stage illusion.,2人の舞台魔術師は、究極の舞台の幻想を生み出すために、競争力のある1つの昇格に従事しています。
41,The Lion King,ライオン・キング,"Animation, Adventure, Drama",アニメーション、冒険、ドラマ,"Roger Allers, Rob Minkoff",ロジャー・アラーズ、ロブ・ミンコフ,"Rowan Atkinson, Matthew Broderick, Niketa Calame, Jim Cummings",ローワン・アトキンソン、マシュー・ブロデリック、ニケタ・キャラメ、ジム・カミングス,Lion cub and future king Simba searches for his identity. His eagerness to please others and penchant for testing his boundaries sometimes gets him into trouble.,ライオン・カブと将来のキング・シンバは彼のアイデンティティを探します。他の人を喜ばせたい彼の熱意と彼の境界をテストすることを好むことは、時々彼をトラブルに巻き込んでしまいます。
42,Apocalypse Now,地獄の黙示録,"Drama, War",ドラマ、戦争,Francis Ford Coppola,フランシス・フォード・コッポラ,"Marlon Brando, Martin Sheen, Robert Duvall, Frederic Forrest",マーロン・ブランド、マーティン・シーン、ロバート・デュバル、フレデリック・フォレスト,"During the Vietnam War, Captain Willard is sent on a dangerous mission into Cambodia to assassinate a renegade colonel who has set himself up as a god among a local tribe.",ベトナム戦争中、キャプテンウィラードは、地元の部族の中で神として自分自身を設立した反逆者の大佐を暗殺するために、カンボジアへの危険な使命に派遣されます。
43,Alien,エイリアン,"Horror, Sci-Fi",ホラー、SF,Ridley Scott,リドリー・スコット,"Tom Skerritt, Sigourney Weaver, Veronica Cartwright, Harry Dean Stanton",トム・スケリット、シガニー・ウィーバー、ベロニカ・カートライト、ハリー・ディーン・スタントン,"After a space merchant vessel perceives an unknown transmission as a distress call, its landing on the source moon finds one of the crew attacked by a mysterious life-form, and they soon realize that its life cycle has merely begun.",スペースマーチャントの船舶が未知のトランスミッションを遭難呼びかけとして認識した後、ソースムーンに着陸すると、謎のライフフォームに攻撃された乗組員の1人が見つかり、すぐにそのライフサイクルが始まっただけであることに気付きます。
44,Sunset Boulevard,サンセットブルバード,"Drama, Film-Noir",ドラマ、映画ノア,Billy Wilder,ビリー・ワイルダー,"William Holden, Gloria Swanson, Erich von Stroheim, Nancy Olson",ウィリアム・ホールデン、グロリア・スワンソン、エーリッヒ・フォン・ストロハイム、ナンシー・オルソン,A screenwriter is hired to rework a faded silent film star's script only to find himself developing a dangerous relationship.,脚本家が雇われ、色あせたサイレントフィルムスターの脚本を作り直して、危険な関係を築くことができます。
45,The Great Dictator,偉大な独裁者,"Comedy, Drama, War",コメディ、ドラマ、戦争,Charles Chaplin,チャールズ・チャップリン,"Charles Chaplin, Jack Oakie, Reginald Gardiner, Henry Daniell",チャールズ・チャップリン、ジャック・オーキー、レジナルド・ガーディナー、ヘンリー・ダニエル,Dictator Adenoid Hynkel tries to expand his empire while a poor Jewish barber tries to avoid persecution from Hynkel's regime.,独裁者のアデノイド・ヒンケルは帝国を拡大しようとしますが、貧しいユダヤ人の理髪師はヒンケルの政権からの迫害を避けようとします。
46,Django Unchained,ジャンゴ繋がれざる者,"Drama, Western",ドラマ、西洋,Quentin Tarantino,クエンティン・タランティーノ,"Jamie Foxx, Christoph Waltz, Leonardo DiCaprio, Kerry Washington",ジェイミー・フォックス、クリストフ・ワルツ、レオナルド・ディカプリオ、ケリー・ワシントン,"With the help of a German bounty hunter , a freed slave sets out to rescue his wife from a brutal Mississippi plantation owner.",ドイツの賞金稼ぎの助けを借りて、解放された奴隷は、残忍なミシシッピ農園の所有者から妻を救うために出発します。
47,The Shining,シャイニング,"Drama, Horror",ドラマ、ホラー,Stanley Kubrick,スタンリー・キューブリック,"Jack Nicholson, Shelley Duvall, Danny Lloyd, Scatman Crothers",ジャック・ニコルソン、シェリー・デュバル、ダニー・ロイド、スキャットマン・クロザーズ,"A family heads to an isolated hotel for the winter where an evil and spiritual presence influences the father into violence, while his psychic son sees horrific forebodings from the past and of the future.",家族は冬のために孤立したホテルに向かいます。そこでは、邪悪で精神的な存在が父親に暴力に影響を与えますが、彼の精神的な息子は過去と未来からの恐ろしい予感を見ています。
48,WALL·E,壁・e,"Animation, Adventure, Family",アニメーション、冒険、家族,Andrew Stanton,アンドリュー・スタントン,"Ben Burtt, Elissa Knight, Jeff Garlin, Fred Willard",ベン・バート、エリッサ・ナイト、ジェフ・ガーリン、フレッド・ウィラード,"In the distant future, a small waste-collecting robot inadvertently embarks on a space journey that will ultimately decide the fate of mankind.",遠い将来、小さな廃棄物を収集するロボットは、最終的に人類の運命を決定する宇宙の旅にうっかりします。
49,The Dark Knight Rises,ダークナイトライジング,"Action, Thriller",アクション、スリラー,Christopher Nolan,クリストファー・ノーラン,"Christian Bale, Gary Oldman, Tom Hardy, Joseph Gordon-Levitt",クリスチャン・ベール、ゲイリー・オールドマン、トム・ハーディ、ジョセフ・ゴードン・レビット,"Eight years after the Joker's reign of anarchy, the Dark Knight, with the help of the enigmatic Selina, is forced from his imposed exile to save Gotham City, now on the edge of total annihilation, from the brutal guerrilla terrorist Bane.",ジョーカーのアナーキーの統治から8年後、ダークナイトは、謎めいたセリナの助けを借りて、彼の妨害された亡命から強制され、現在は残忍なゲリラのテロリストのベインから完全な消滅の端にあるゴッサムシティを救います。
50,Oldboy,オールドボーイ,"Drama, Mystery, Thriller",ドラマ、ミステリー、スリラー,Chan-wook Park,チャンウックパーク,"Min-sik Choi, Ji-tae Yu, Hye-jeong Kang, Dae-han Ji",ミン・シック・チェ、ji-tae yu、hee-jeong kang、dae-han ji,"After being kidnapped and imprisoned for fifteen years, Oh Dae-Su is released, only to find that he must find his captor in five days.",15年間誘andされ、投獄された後、Oh Dae-Suは釈放され、5日間で捕虜を見つけなければならないことがわかりました。
51,Once Upon a Time in America,昔アメリカで,"Crime, Drama",犯罪ドラマ,Sergio Leone,セルジオ・レオーネ,"Robert De Niro, James Woods, Elizabeth McGovern, Joe Pesci",ロバート・デ・ニーロ、ジェームズ・ウッズ、エリザベス・マクガバン、ジョー・ペシ,"A former Prohibition-era Jewish gangster returns to the Lower East Side of Manhattan over thirty years later, where he once again must confront the ghosts and regrets of his old life.",元禁止時代のユダヤ人のギャングは、30年後にマンハッタンのローワーイーストサイドに戻り、そこで彼は再び彼の昔の人生の幽霊と後悔に立ち向かわなければなりません。
52,Witness for the Prosecution,検察の証人,"Crime, Drama, Mystery",犯罪、ドラマ、ミステリー,Billy Wilder,ビリー・ワイルダー,"Tyrone Power, Marlene Dietrich, Charles Laughton, Elsa Lanchester",タイロン・パワー、マレーネ・ディートリッヒ、チャールズ・ラフトン、エルサ・ランチェスター,A veteran British barrister must defend his client in a murder trial that has surprise after surprise.,ベテランの英国の法廷弁護士は、驚きの後に驚きの殺人裁判でクライアントを守らなければなりません。
53,Citizen Kane,市民ケイン,"Drama, Mystery",ドラマ、ミステリー,Orson Welles,オーソンウェルズ,"Joseph Cotten, Dorothy Comingore, Agnes Moorehead, Ruth Warrick",ジョセフ・コッテン、ドロシー・カミング・リー、アグネス・ムーアヘッド、ルース・ウォーリック,"Following the death of a publishing tycoon, news reporters scramble to discover the meaning of his final utterance.",出版大物の死後、ニュース記者は彼の最終発言の意味を発見するためにスクランブルします。
54,Dangal,ダンガル,"Action, Biography, Drama",アクション、伝記、ドラマ,Nitesh Tiwari,ニテシュ・ティワリ,"Aamir Khan, Sakshi Tanwar, Fatima Sana Shaikh, Sanya Malhotra",アーミル・カーン、サクシ・タンワル、ファチマ・サナ・シャイフ、サンヤ・マルホトラ,Former wrestler Mahavir Singh Phogat and his two wrestler daughters struggle towards glory at the Commonwealth Games in the face of societal oppression.,元レスラーのマハヴィル・シン・フォガットと彼の2人のレスラーの娘たちは、社会的抑圧に直面した連邦大会での栄光に苦労しています。
55,North by Northwest,北西部の北,"Action, Adventure, Mystery",アクション、冒険、ミステリー,Alfred Hitchcock,アルフレッド・ヒッチコック,"Cary Grant, Eva Marie Saint, James Mason, Jessie Royce Landis",キャリー・グラント、エヴァ・マリー・セント、ジェームズ・メイソン、ジェシー・ロイス・ランディス,"A hapless New York advertising executive is mistaken for a government agent by a group of foreign spies, and is pursued across the country while he looks for a way to survive.",不幸なニューヨーク広告の幹部は、外国のスパイのグループによって政府のエージェントと間違われており、彼が生き残る方法を探している間、全国で追求されています。
56,Vertigo,めまい,"Mystery, Romance, Thriller",ミステリー、ロマンス、スリラー,Alfred Hitchcock,アルフレッド・ヒッチコック,"James Stewart, Kim Novak, Barbara Bel Geddes, Tom Helmore",ジェームズ・スチュワート、キム・ノバク、バーバラ・ベル・ゲデス、トム・ヘルモア,"A San Francisco detective suffering from acrophobia investigates the strange activities of an old friend's wife, all the while becoming dangerously obsessed with her.",身振りに苦しんでいるサンフランシスコの探偵は、古くからの友人の妻の奇妙な活動を調査し、その間ずっと彼女に夢中になっています。
57,Star Wars: Episode VI - Return of the Jedi,スターウォーズ：エピソードVI-ジェダイの復帰,"Action, Adventure, Fantasy",アクション、冒険、ファンタジー,Richard Marquand,リチャード・マーカンド,"Mark Hamill, Harrison Ford, Carrie Fisher, Billy Dee Williams",マーク・ハミル、ハリソン・フォード、キャリー・フィッシャー、ビリー・ディー・ウィリアムズ,"After a daring mission to rescue Han Solo from Jabba the Hutt, the rebels dispatch to Endor to destroy a more powerful Death Star. Meanwhile, Luke struggles to help Vader back from the dark side without falling into the Emperor's trap.",ハン・ソロをジャバ・ザ・ハットから救助するという大胆な使命の後、反乱軍はより強力なデス・スターを破壊するために支持するために派遣します。一方、ルークは、皇帝のtrapに陥ることなく、ベイダーがダークサイドから戻るのを助けるのに苦労しています。
58,Reservoir Dogs,貯水池犬,"Crime, Drama, Thriller",犯罪、ドラマ、スリラー,Quentin Tarantino,クエンティン・タランティーノ,"Harvey Keitel, Tim Roth, Michael Madsen, Chris Penn",ハーベイ・ケイテル、ティム・ロス、マイケル・マドセン、クリス・ペン,"After a simple jewelry heist goes terribly wrong, the surviving criminals begin to suspect that one of them is a police informant.",シンプルなジュエリーの強盗がひどく間違っている後、生き残った犯罪者は、そのうちの1人が警察の情報提供者であると疑い始めます。
59,Braveheart,勇敢な心,"Biography, Drama, History",伝記、ドラマ、歴史,Mel Gibson,メルギブソン,"James Robinson, Sean Lawlor, Sandy Nelson, James Cosmo",ジェームズ・ロビンソン、ショーン・ローラー、サンディ・ネルソン、ジェームズ・コスモ,"When his secret bride is executed for assaulting an English soldier who tried to rape her, Sir William Wallace begins a revolt against King Edward I of England.",彼の秘密の花嫁が彼女をレイプしようとしたイギリスの兵士を攻撃したために処刑されると、ウィリアム・ウォレスirはイギリスのエドワード1世に対する反乱を始めます。
60,Requiem for a Dream,レクイエムフォードリーム,Drama,ドラマ,Darren Aronofsky,ダレン・アロノフスキー,"Ellen Burstyn, Jared Leto, Jennifer Connelly, Marlon Wayans",エレン・バースティン、ジャレッド・レト、ジェニファー・コネリー、マーロン・ウェイアンズ,The drug-induced utopias of four Coney Island people are shattered when their addictions run deep.,コニーアイランドの4人の人々の薬物誘発性ユートピアは、中毒が深く走ると粉砕されます。
61,Amélie,エイリー,"Comedy, Romance",コメディ、ロマンス,Jean-Pierre Jeunet,ジャン・ピエール・ジュネット,"Audrey Tautou, Mathieu Kassovitz, Rufus, Lorella Cravotta",オードリー・トートゥー、マシュー・カソビッツ、ルーファス、ロレラ・クラボッタ,"Amélie is an innocent and naive girl in Paris with her own sense of justice. She decides to help those around her and, along the way, discovers love.",アメリーは、パリの無邪気で素朴な女の子で、自分自身の正義感を持っています。彼女は周りの人々を助けることにし、途中で愛を発見します。
62,A Clockwork Orange,時計仕掛けのオレンジ,"Crime, Drama, Sci-Fi",犯罪、ドラマ、SF,Stanley Kubrick,スタンリー・キューブリック,"Malcolm McDowell, Patrick Magee, Michael Bates, Warren Clarke",マルコム・マクダウェル、パトリック・マギー、マイケル・ベイツ、ウォーレン・クラーク,"In future Britain, Alex DeLarge, a charismatic and psycopath delinquent, who likes to practice crimes and ultra-violence with his gang, is jailed and volunteers for an experimental aversion therapy developed by the government in an effort to solve society's crime problem - but not all goes according to plan.",将来の英国では、カリスマ的でサイコパスの非行であるアレックス・デラゲは、犯罪とギャングとの超暴力を実践するのが好きなものであり、社会の犯罪問題を解決するために政府によって開発された実験的回避療法のために投獄され、ボランティアをしていますが、すべてが計画に従って進みます。
63,Lawrence of Arabia,アラビアのローレンス,"Adventure, Biography, Drama",冒険、伝記、ドラマ,David Lean,デビッド・リーン,"Peter O'Toole, Alec Guinness, Anthony Quinn, Jack Hawkins",ピーター・オトゥール、アレック・ギネス、アンソニー・クイン、ジャック・ホーキンス,"The story of T.E. Lawrence, the English officer who successfully united and led the diverse, often warring, Arab tribes during World War I in order to fight the Turks.",T.E.の物語トルコ人と戦うために、第一次世界大戦中に、多様でしばしば戦う、しばしば戦う、団結し、率いるイギリスの将校であるローレンス。
64,Double Indemnity,二重補償,"Crime, Drama, Film-Noir",犯罪、ドラマ、映画ノア,Billy Wilder,ビリー・ワイルダー,"Fred MacMurray, Barbara Stanwyck, Edward G. Robinson, Porter Hall",フレッド・マクマレー、バーバラ・スタンウィック、エドワード・G・ロビンソン、ポーター・ホール,An insurance representative lets himself be talked into a murder/insurance fraud scheme that arouses an insurance investigator's suspicions.,保険の代表者は、保険捜査官の疑いを引き起こす殺人/保険詐欺スキームに自分自身を話しかけるようにします。
65,Eternal Sunshine of the Spotless Mind,きれいな心の永遠の太陽,"Drama, Romance, Sci-Fi",ドラマ、ロマンス、SF,Michel Gondry,ミシェル・ゴンドリー,"Jim Carrey, Kate Winslet, Gerry Robert Byrne, Elijah Wood",ジム・キャリー、ケイト・ウィンスレット、ジェリー・ロバート・バーン、エリヤ・ウッド,"When their relationship turns sour, a couple undergoes a procedure to have each other erased from their memories. But it is only through the process of loss that they discover what they had to begin with.",彼らの関係が酸っぱくなると、カップルはお互いを記憶から消去する手順を受けます。しかし、彼らが最初に何をしなければならなかったかを発見するのは、損失のプロセスを通してのみです。
66,To Kill a Mockingbird,モッキンバードを殺す,"Crime, Drama",犯罪ドラマ,Robert Mulligan,ロバート・マリガン,"Gregory Peck, John Megna, Frank Overton, Rosemary Murphy",グレゴリー・ペック、ジョン・メグナ、フランク・オーバートン、ローズマリー・マーフィー,"Atticus Finch, a lawyer in the Depression-era South, defends a black man against an undeserved rape charge, and his children against prejudice.",うつ病時代の南部の弁護士であるアッティカス・フィンチは、不当なレイプ容疑から黒人男性を擁護し、彼の子供は偏見から守ります。
67,Toy Story 3,トイストーリー3,"Animation, Adventure, Comedy",アニメーション、冒険、コメディ,Lee Unkrich,リー・ウンクリッチ,"Tom Hanks, Tim Allen, Joan Cusack, Ned Beatty",トム・ハンクス、ティム・アレン、ジョーン・キューザック、ネッド・ビーティ,"The toys are mistakenly delivered to a day-care center instead of the attic right before Andy leaves for college, and it's up to Woody to convince the other toys that they weren't abandoned and to return home.",おもちゃは、アンディが大学に行く直前に屋根裏部屋の代わりにデイケアセンターに誤って届けられ、他のおもちゃに放棄されて家に帰ることを納得させるのはウッディ次第です。
68,Full Metal Jacket,フルメタルジャケット,"Drama, War",ドラマ、戦争,Stanley Kubrick,スタンリー・キューブリック,"Matthew Modine, Adam Baldwin, Vincent D'Onofrio, R. Lee Ermey",マシュー・モディーン、アダム・ボールドウィン、ヴィンセント・ダノフリオ、R。リー・エルミー,A pragmatic U.S. Marine observes the dehumanizing effects the Vietnam War has on his fellow recruits from their brutal boot camp training to the bloody street fighting in Hue.,実用的な米国海兵隊員は、ベトナム戦争が彼の仲間の新兵が彼らの残忍なブートキャンプのトレーニングから、フエで戦っている血まみれの通りまでのリクルートに及ぼす非人間化効果を観察しています。
69,Singin' in the Rain,雨の中で歌います,"Comedy, Musical, Romance",コメディ、ミュージカル、ロマンス,"Stanley Donen, Gene Kelly",スタンリー・ドネル、ジーン・ケリー,"Gene Kelly, Donald O'Connor, Debbie Reynolds, Jean Hagen",ジーン・ケリー、ドナルド・オコナー、デビー・レイノルズ、ジャン・ハーゲン,A silent film production company and cast make a difficult transition to sound.,静かな映画制作会社とキャストは、サウンドへの困難な移行を行います。
70,Your Name,あなたの名前,"Animation, Drama, Fantasy",アニメーション、ドラマ、ファンタジー,Makoto Shinkai,城新川,"Ryûnosuke Kamiki, Mone Kamishiraishi, Ryô Narita, Aoi Yûki",カミキ島、カミシリシのやけり、narita、aoiyûki,"Two strangers find themselves linked in a bizarre way. When a connection forms, will distance be the only thing to keep them apart?",2人の見知らぬ人は、奇妙な方法でリンクされていることに気づきます。接続が形成されるとき、距離がそれらを区別する唯一のものですか？
71,The Sting,刺し傷,"Comedy, Crime, Drama",コメディ、犯罪、ドラマ,George Roy Hill,ジョージ・ロイ・ヒル,"Paul Newman, Robert Redford, Robert Shaw, Charles Durning",ポール・ニューマン、ロバート・レッドフォード、ロバート・ショー、チャールズ・ダーニング,"In Chicago in September 1936, a young con man seeking revenge for his murdered partner teams up with a master of the big con to win a fortune from a criminal banker.",1936年9月にシカゴで、殺害されたパートナーへの復venを求めている若い詐欺師が、犯罪銀行から財産を獲得するためにビッグコンのマスターとチームを組みました。
72,Toy Story,トイ・ストーリー,"Animation, Adventure, Comedy",アニメーション、冒険、コメディ,John Lasseter,ジョン・ラセター,"Tom Hanks, Tim Allen, Don Rickles, Jim Varney",トム・ハンクス、ティム・アレン、ドン・リックルズ、ジム・バーニー,A cowboy doll is profoundly threatened and jealous when a new spaceman figure supplants him as top toy in a boy's room.,カウボーイ人形は、新しい宇宙人の姿が彼を男の子の部屋でトップのおもちゃとして取って代わるとき、深く脅かされ、jeします。
73,The Kid,子供,"Comedy, Drama, Family",コメディ、ドラマ、家族,Charles Chaplin,チャールズ・チャップリン,"Carl Miller, Edna Purviance, Jackie Coogan, Charles Chaplin",カール・ミラー、エドナ・パーヴィアンス、ジャッキー・クーガン、チャールズ・チャップリン,"The Tramp cares for an abandoned child, but events put that relationship in jeopardy.",トランプは捨てられた子供の世話をしますが、イベントはその関係を危険にさらします。
74,Inglourious Basterds,イングロリアスバスターズ,"Adventure, Drama, War",冒険、ドラマ、戦争,"Quentin Tarantino, Eli Roth",クエンティン・タランティーノ、エリ・ロス,"Brad Pitt, Mélanie Laurent, Christoph Waltz, Eli Roth",ブラッド・ピット、メラニー・ローラン、クリストフ・ワルツ、エリ・ロス,"In Nazi-occupied France during World War II, a plan to assassinate Nazi leaders by a group of Jewish U.S. soldiers coincides with a theatre owner's vengeful plans for the same.",第二次世界大戦中のナチス占領下のフランスでは、ユダヤ人のアメリカ兵のグループによるナチスの指導者を暗殺する計画は、劇場所有者の復geの復geの計画と一致しています。
75,Snatch,スナッチ,"Comedy, Crime",コメディ、犯罪,Guy Ritchie,ガイ・リッチー,"Benicio Del Toro, Dennis Farina, Vinnie Jones, Brad Pitt",ベニシオ・デル・トロ、デニス・ファリーナ、ヴィニー・ジョーンズ、ブラッド・ピット,"Unscrupulous boxing promoters, violent bookmakers, a Russian gangster, incompetent amateur robbers, and supposedly Jewish jewelers fight to track down a priceless stolen diamond.",不cru慎なボクシングプロモーター、暴力的なブックメーカー、ロシアのギャング、無能なアマチュア強盗、そしておそらくユダヤ人の宝石商は、貴重な盗まれたダイヤモンドを追跡するために戦います。
76,Monty Python and the Holy Grail,モンティ・パイソンと聖杯,"Adventure, Comedy, Fantasy",冒険、コメディ、ファンタジー,"Terry Gilliam, Terry Jones",テリー・ギリアム、テリー・ジョーンズ,"Graham Chapman, John Cleese, Eric Idle, Terry Gilliam",グラハムチャップマン、ジョンクリーズ、エリックアイドル、テリーギリアム,"King Arthur and his knights embark on a low-budget search for the Grail, encountering many, very silly obstacles.",アーサー王と彼の騎士団は、聖杯の低予算の検索に乗り出し、多くの非常に愚かな障害に遭遇します。
77,For a Few Dollars More,さらに数ドル,Western,西,Sergio Leone,セルジオ・レオーネ,"Clint Eastwood, Lee Van Cleef, Gian Maria Volontè, Mario Brega",クリント・イーストウッド、リー・ヴァン・クリーフ、ジャン・マリア・ボランテ、マリオ・ブレガ,Two bounty hunters with the same intentions team up to track down a Western outlaw.,同じ意図を持つ2人のバウンティハンターが、西洋の無法者を追跡するために協力します。
78,Good Will Hunting,良い意志狩り,Drama,ドラマ,Gus Van Sant,ガス・ヴァン・サン,"Matt Damon, Ben Affleck, Stellan Skarsgård, John Mighton",マット・デイモン、ベン・アフレック、ステラン・スカルスガルド、ジョン・メイソン,"Will Hunting, a janitor at M.I.T., has a gift for mathematics, but needs help from a psychologist to find direction in his life.",M.I.T.の管理人であるWill Huntingは、数学への贈り物を持っていますが、彼の人生で方向性を見つけるために心理学者からの助けが必要です。
79,Scarface,スカーフェイス,"Crime, Drama",犯罪ドラマ,Brian De Palma,ブライアン・ド・パルマ,"Al Pacino, Steven Bauer, Michelle Pfeiffer, Mary Elizabeth Mastrantonio",アル・パチーノ、スティーブン・バウアー、ミシェル・ファイファー、メアリー・エリザベス・マストラントニオ,"In Miami in 1980, a determined Cuban immigrant takes over a drug cartel and succumbs to greed.",1980年のマイアミでは、決定されたキューバ移民が麻薬カルテルを引き継ぎ、貪欲に屈しました。
80,My Father and My Son,父と息子,Drama,ドラマ,Çagan Irmak,チャガン・イルマック,"Resit Kurt, Fikret Kuskan, Çetin Tekindor, Furkan Turan",カート、フィクレット・クスカン、チーチン・テキンドール、ファーカン・トゥランを履きます,The family of a left-wing journalist is torn apart after a military coup in 1980's Turkey.,左翼のジャーナリストの家族は、1980年代のトルコの軍事クーデターの後、引き裂かれています。
81,The Apartment,アパート,"Comedy, Drama, Romance",コメディ、ドラマ、ロマンス,Billy Wilder,ビリー・ワイルダー,"Jack Lemmon, Shirley MacLaine, Fred MacMurray, Ray Walston",ジャック・レモン、シャーリー・マクレーン、フレッド・マクマレー、レイ・ウォルストン,"A man tries to rise in his company by letting its executives use his apartment for trysts, but complications and a romance of his own ensue.",男性は、幹部が自分のアパートを試練のために使用させることで、会社に立ち上がろうとしますが、合併症と彼自身のロマンスが続きます。
82,Rashomon,ラシュモン,"Crime, Drama, Mystery",犯罪、ドラマ、ミステリー,Akira Kurosawa,黒澤明,"Toshirô Mifune, Machiko Kyô, Masayuki Mori, Takashi Shimura",ミフネトシロ、京子京、森沢井下、新島田岸,A heinous crime and its aftermath are recalled from differing points of view.,凶悪な犯罪とその余波は、異なる観点から呼び出されます。
83,Indiana Jones and the Last Crusade,インディアナ・ジョーンズと最後の十字軍,"Action, Adventure, Fantasy",アクション、冒険、ファンタジー,Steven Spielberg,スティーブン・スピルバーグ,"Harrison Ford, Sean Connery, Denholm Elliott, Alison Doody",ハリソン・フォード、ショーン・コナリー、デンホルム・エリオット、アリソン・ドゥーディ,"When Dr. Henry Jones Sr. suddenly goes missing while pursuing the Holy Grail, eminent archaeologist Indiana Jones must follow in his father's footsteps to stop the Nazis from getting their hands on the Holy Grail first.",ヘンリー・ジョーンズ・シニア博士が聖杯を追いかけながら突然行方不明になったとき、著名な考古学者インディ・ジョーンズは、ナチスが最初に聖杯に手を置くのを止めるために父親の足跡をたどらなければなりません。
84,All About Eve,イブについてすべて,Drama,ドラマ,Joseph L. Mankiewicz,ジョセフ・L・マンキヴィッチ,"Bette Davis, Anne Baxter, George Sanders, Celeste Holm",ベット・デイビス、アン・バクスター、ジョージ・サンダース、セレステ・ホルム,An ingenue insinuates herself into the company of an established but aging stage actress and her circle of theater friends.,Ingenueは、確立されているが老化した舞台女優と彼女の劇場の友人の輪の会社に自分自身をほのめかします。
85,Yojimbo,ヨジンボ,"Action, Drama, Thriller",アクション、ドラマ、スリラー,Akira Kurosawa,黒澤明,"Toshirô Mifune, Tatsuya Nakadai, Yôko Tsukasa, Isuzu Yamada",ミフネトシロ、タツヤ・ナカダイ、ヨコ・ツカサ、山田いうき,A crafty ronin comes to a town divided by two criminal gangs and decides to play them against each other to free the town.,craftなロニンは、2人の犯罪ギャングに分けられた町にやって来て、町を解放するために互いに対戦することにしました。
86,Batman Begins,バットマンビギンズ,"Action, Adventure",アクションアドベンチャー,Christopher Nolan,クリストファー・ノーラン,"Christian Bale, Michael Caine, Liam Neeson, Katie Holmes",クリスチャン・ベール、マイケル・ケイン、リアム・ニーソン、ケイティ・ホームズ,"After training with his mentor, Batman begins his fight to free crime-ridden Gotham City from the corruption that Scarecrow and the League of Shadows have cast upon it.",メンターとの訓練の後、バットマンは、かかしと影のリーグがそれに投げかけた腐敗から犯罪に乗ったゴッサムシティを解放するための戦いを始めます。
87,Up,上,"Animation, Adventure, Comedy",アニメーション、冒険、コメディ,"Pete Docter, Bob Peterson",ピート・ドッター、ボブ・ピーターソン,"Edward Asner, Christopher Plummer, Jordan Nagai, Bob Peterson",エドワード・アスナー、クリストファー・プラマー、ジョーダン・ナガイ、ボブ・ピーターソン,"Seventy-eight year old Carl Fredricksen travels to Paradise Falls in his home equipped with balloons, inadvertently taking a young stowaway.",78歳のCarl Fredricksenは、風船を備えた自宅の楽園の滝に旅行し、誤って若い馬車を奪っています。
88,Some Like It Hot,お熱いのがお好き,"Comedy, Romance",コメディ、ロマンス,Billy Wilder,ビリー・ワイルダー,"Marilyn Monroe, Tony Curtis, Jack Lemmon, George Raft",マリリン・モンロー、トニー・カーティス、ジャック・レモン、ジョージ・ラフト,"When two male musicians witness a mob hit, they flee the state in an all-female band disguised as women, but further complications set in.",2人の男性ミュージシャンが暴徒のヒットを目撃すると、女性に変装した女性のすべての女性バンドで州から逃げますが、さらなる合併症が始まります。
89,The Treasure of the Sierra Madre,シエラマドレの宝物,"Adventure, Drama, Western",冒険、ドラマ、西洋,John Huston,ジョン・ヒューストン,"Humphrey Bogart, Walter Huston, Tim Holt, Bruce Bennett",ハンフリー・ボガート、ウォルター・ヒューストン、ティム・ホルト、ブルース・ベネット,"Fred Dobbs and Bob Curtin, two Americans searching for work in Mexico, convince an old prospector to help them mine for gold in the Sierra Madre Mountains.",メキシコで仕事を探している2人のアメリカ人であるフレッド・ドブスとボブ・カーティンは、古い探検家にシエラ・マドレ山脈の金のために私のものを手伝うよう説得します。
90,Unforgiven,容赦ない,"Drama, Western",ドラマ、西洋,Clint Eastwood,クリント・イーストウッド,"Clint Eastwood, Gene Hackman, Morgan Freeman, Richard Harris",クリント・イーストウッド、ジーン・ハックマン、モーガン・フリーマン、リチャード・ハリス,"Retired Old West gunslinger William Munny reluctantly takes on one last job, with the help of his old partner and a young man.",退職したオールドウェストガンスリンガーのウィリアムマニーは、彼の古いパートナーと若い男の助けを借りて、しぶしぶ最後の仕事を引き受けます。
91,Downfall,没落,"Biography, Drama, History",伝記、ドラマ、歴史,Oliver Hirschbiegel,オリバー・ヒルシュビーゲル,"Bruno Ganz, Alexandra Maria Lara, Corinna Harfouch, Ulrich Matthes",ブルーノ・ガンツ、アレクサンドラ・マリア・ララ、コリーナ・ハーフーチ、ウルリッヒ・マテス,"Traudl Junge, the final secretary for Adolf Hitler, tells of the Nazi dictator's final days in his Berlin bunker at the end of WWII.",アドルフ・ヒトラーの最終秘書であるTraudl Jungeは、第二次世界大戦の終わりにあるベルリン・バンカーでのナチの独裁者の最後の日々を語っています。
92,Raging Bull,荒れ狂う雄牛,"Biography, Drama, Sport",伝記、ドラマ、スポーツ,Martin Scorsese,マーティン・スコセッシ,"Robert De Niro, Cathy Moriarty, Joe Pesci, Frank Vincent",ロバート・デ・ニーロ、キャシー・モリアーティ、ジョー・ペシ、フランク・ヴィンセント,"An emotionally self-destructive boxer's journey through life, as the violence and temper that leads him to the top in the ring destroys his life outside it.",彼をリングのトップに導く暴力と気性が、その外の彼の人生を破壊するので、感情的に自己破壊的なボクサーの人生の旅は人生を旅します。
93,Die Hard,ダイ・ハード,"Action, Thriller",アクション、スリラー,John McTiernan,ジョン・マクティエルナン,"Bruce Willis, Bonnie Bedelia, Reginald VelJohnson, Paul Gleason",ブルース・ウィリス、ボニー・ベデリア、レジナルド・ヴェルジョンソン、ポール・グリーソン,"John McClane, officer of the NYPD, tries to save his wife Holly Gennaro and several others that were taken hostage by German terrorist Hans Gruber during a Christmas party at the Nakatomi Plaza in Los Angeles.",NYPDの役員であるジョン・マクレーンは、妻のホリー・ジェンナロと、ロサンゼルスの中atomiプラザで開催されたクリスマスパーティーでドイツのテロリストハンスグルーバーに人質にされた他のいくつかを救おうとします。
94,The Third Man,三人目の男,"Film-Noir, Mystery, Thriller",映画ノア、ミステリー、スリラー,Carol Reed,キャロル・リード,"Joseph Cotten, Alida Valli, Orson Welles, Trevor Howard",ジョセフ・コッテン、アリダ・ヴァリ、オーソン・ウェルズ、トレバー・ハワード,"Pulp novelist Holly Martins travels to shadowy, postwar Vienna, only to find himself investigating the mysterious death of an old friend, Harry Lime.",パルプの小説家ホリー・マーティンズは、戦後のウィーンの影のように旅行します。
95,Children of Heaven,天国の子供たち,"Drama, Family",ドラマ、家族,Majid Majidi,マジッド・マジディ,"Mohammad Amir Naji, Amir Farrokh Hashemian, Bahare Seddiqi, Nafise Jafar-Mohammadi",モハマド・アミール・ナジ、アミール・ファロク・ハシェミアン、バハレ・セディキ、ナフィス・ジャファル・モハマディ,"After a boy loses his sister's pair of shoes, he goes on a series of adventures in order to find them. When he can't, he tries a new way to ""win"" a new pair.",少年が妹の靴を失った後、彼はそれらを見つけるために一連の冒険に行きます。彼ができないとき、彼は新しいペアを「勝つ」ための新しい方法を試みます。
96,Heat,熱,"Action, Crime, Drama",アクション、犯罪、ドラマ,Michael Mann,マイケル・マン,"Al Pacino, Robert De Niro, Val Kilmer, Jon Voight",アル・パチーノ、ロバート・デ・ニーロ、ヴァル・キルマー、ジョン・ヴォイト,"A group of professional bank robbers start to feel the heat from police when they unknowingly leave a clue at their latest heist, while both sides attempt to find balance between their personal lives with their professional lives.",プロの銀行強盗のグループは、彼らが無意識のうちに最新の強盗に手がかりを残しているときに警察から熱を感じ始め、双方が自分の生活と職業生活のバランスを見つけようとします。
97,The Great Escape,大脱走,"Adventure, Drama, History",冒険、ドラマ、歴史,John Sturges,ジョン・スタージス,"Steve McQueen, James Garner, Richard Attenborough, James Donald",スティーブ・マックイーン、ジェームズ・ガーナー、リチャード・アッテンボロー、ジェームズ・ドナルド,Allied prisoners of war plan for several hundred of their number to escape from a German camp during World War II.,第二次世界大戦中にドイツのキャンプから逃れるために、数百人の数百人が逃げるための同盟囚人の計画。
98,Chinatown,チャイナタウン,"Drama, Mystery, Thriller",ドラマ、ミステリー、スリラー,Roman Polanski,ローマポランスキー,"Jack Nicholson, Faye Dunaway, John Huston, Perry Lopez",ジャック・ニコルソン、フェイ・ダナウェイ、ジョン・ヒューストン、ペリー・ロペス,"A private detective hired to expose an adulterer finds himself caught up in a web of deceit, corruption, and murder.",姦淫者を暴露するために雇われた私立探偵は、自分が欺き、腐敗、殺人の​​網に巻き込まれていることに気づきます。
99,Ikiru,イキル,Drama,ドラマ,Akira Kurosawa,黒澤明,"Takashi Shimura, Shin'ichi Himori, Haruo Tanaka, Minoru Chiaki",島村高橋島島島島、田中林ハルオ、マイノルチアキ,A bureaucrat tries to find a meaning in his life after he discovers he has terminal cancer.,官僚は、彼が末期癌を患っていることを発見した後、彼の人生の意味を見つけようとします。
100,Pan's Labyrinth,パンズラビリンス,"Drama, Fantasy, War",ドラマ、ファンタジー、戦争,Guillermo del Toro,ギレルモ・デル・トロ,"Ivana Baquero, Sergi López, Maribel Verdú, Doug Jones",イヴァナ・バケロ、セルギ・ロペス、マリベル・ヴェルドゥ、ダグ・ジョーンズ,"In the falangist Spain of 1944, the bookish young stepdaughter of a sadistic army officer escapes into an eerie but captivating fantasy world.",1944年のファランジストスペインでは、サディスティック陸軍士官の本の若い継娘は、不気味であるが魅惑的なファンタジーの世界に逃げます。
101,Baby Driver,ベビードライバー,"Action, Crime, Music",アクション、犯罪、音楽,Edgar Wright,エドガー・ライト,"Ansel Elgort, Jon Bernthal, Jon Hamm, Eiza González",アンセル・エルゴート、ジョン・ベルンサル、ジョン・ハム、アイザ・ゴンザレス,"After being coerced into working for a crime boss, a young getaway driver finds himself taking part in a heist doomed to fail.",犯罪のボスのために働くように強制された後、若い逃走運転手は、失敗する運命にある強盗に参加していることに気づきます。
102,Inside Out,裏返し,"Animation, Adventure, Comedy",アニメーション、冒険、コメディ,"Pete Docter, Ronnie Del Carmen",ピート・ドッター、ロニー・デル・カルメン,"Amy Poehler, Phyllis Smith, Richard Kind, Bill Hader",エイミー・ポーラー、フィリス・スミス、リチャード・キング、ビル・ヘイダー,"After young Riley is uprooted from her Midwest life and moved to San Francisco, her emotions - Joy, Fear, Anger, Disgust and Sadness - conflict on how best to navigate a new city, house, and school.",若いライリーが中西部の生活から根こそぎにされ、彼女の感情 - 喜び、恐怖、怒り、嫌悪、悲しみ - 新しい都市、家、学校をナビゲートする最善の方法についての対立 - サンフランシスコに移動した後。
103,Ran,走った,"Action, Drama",アクション、ドラマ,Akira Kurosawa,黒澤明,"Tatsuya Nakadai, Akira Terao, Jinpachi Nezu, Daisuke Ryû",タツヤナカダイ、アキラテラオ、ジンパチネズ、大sukeリユー,"In Medieval Japan, an elderly warlord retires, handing over his empire to his three sons. However, he vastly underestimates how the new-found power will corrupt them and cause them to turn on each other...and him.",中世の日本では、年配の武将が引退し、3人の息子に帝国を引き渡します。しかし、彼は新たな力がどのようにそれらを腐敗させ、彼らがお互いをオンにするかを非常に過小評価しています...そして彼。
104,The Gold Rush,ゴールドラッシュ,"Adventure, Comedy, Drama",冒険、コメディ、ドラマ,Charles Chaplin,チャールズ・チャップリン,"Charles Chaplin, Mack Swain, Tom Murray, Henry Bergman",チャールズ・チャップリン、マック・スウェイン、トム・マレー、ヘンリー・バーグマン,A prospector goes to the Klondike in search of gold and finds it and more.,探鉱者は金を探してクロンダイクに行き、それを見つけます。
105,On the Waterfront,ウォーターフロントで,"Crime, Drama, Thriller",犯罪、ドラマ、スリラー,Elia Kazan,エリア・カザン,"Marlon Brando, Karl Malden, Lee J. Cobb, Rod Steiger",マーロン・ブランド、カール・マルデン、リー・J・コブ、ロッド・シュタイガー,An ex-prize fighter turned longshoreman struggles to stand up to his corrupt union bosses.,元団体の戦闘機は、彼の腐敗した組合のボスに立ち向かうのに苦労しました。
106,Room,部屋,Drama,ドラマ,Lenny Abrahamson,レニー・アブラハムソン,"Brie Larson, Jacob Tremblay, Sean Bridgers, Wendy Crewson",ブリー・ラーソン、ジェイコブ・トレンブレイ、ショーン・ブリッジャーズ、ウェンディ・クルーソン,A young boy is raised within the confines of a small shed.,少年が小さな小屋の範囲内で育てられます。
107,The Bridge on the River Kwai,クワイ川の橋,"Adventure, Drama, War",冒険、ドラマ、戦争,David Lean,デビッド・リーン,"William Holden, Alec Guinness, Jack Hawkins, Sessue Hayakawa",ウィリアム・ホールデン、アレック・ギネス、ジャック・ホーキンス、セッセ・ハヤカワ,"After settling his differences with a Japanese PoW camp commander, a British colonel co-operates to oversee his men's construction of a railway bridge for their captors - while oblivious to a plan by the Allies to destroy it.",イギリスの大佐大佐は、日本の捕虜収容所の司令官との違いを解決した後、捕虜のために鉄道橋の部下の建設を監督するために協力しています - 同盟国が破壊する計画を忘れています。
108,Blade Runner,ブレードランナー,"Sci-Fi, Thriller",SF、スリラー,Ridley Scott,リドリー・スコット,"Harrison Ford, Rutger Hauer, Sean Young, Edward James Olmos",ハリソン・フォード、ラトガー・ハウアー、ショーン・ヤング、エドワード・ジェームズ・オルモス,A blade runner must pursue and try to terminate four replicants who stole a ship in space and have returned to Earth to find their creator.,ブレードランナーは、宇宙で船を盗み、クリエーターを見つけるために地球に戻った4人のレプリカントを追いかけ、終了しようとしなければなりません。
109,La La Land,ラ・ラ・ランド,"Comedy, Drama, Music",コメディ、ドラマ、音楽,Damien Chazelle,ダミアン・チャゼル,"Ryan Gosling, Emma Stone, Amiée Conn, Terry Walters",ライアン・ゴスリング、エマ・ストーン、アミエ・コント、テリー・ウォルターズ,A jazz pianist falls for an aspiring actress in Los Angeles.,ジャズピアニストは、ロサンゼルスの意欲的な女優にfall落します。
110,Incendies,包囲,"Drama, Mystery, War",ドラマ、ミステリー、戦争,Denis Villeneuve,デニス・ビルヌーブ,"Mustafa Kamel, Hussein Sami, Rémy Girard, Mélissa Désormeaux-Poulin",ムスタファ・カメル、フセイン・サミ、レミー・ジラード、メリッサ・デソルムー・プーリン,"Twins journey to the Middle East to discover their family history, and fulfill their mother's last wishes.",双子は中東への旅のために家族の歴史を発見し、母親の最後の願いを実現します。
111,Judgment at Nuremberg,ニュルンベルクでの判決,"Drama, War",ドラマ、戦争,Stanley Kramer,スタンリー・クレイマー,"Spencer Tracy, Burt Lancaster, Richard Widmark, Marlene Dietrich",スペンサー・トレーシー、バート・ランカスター、リチャード・ウィドマーク、マレーネ・ディートリッヒ,"In 1948, an American court in occupied Germany tries four Nazi judges for war crimes.",1948年、占領されたドイツのアメリカの裁判所は、戦争犯罪のために4人のナチス裁判官を試みています。
112,"Lock, Stock and Two Smoking Barrels",ロック、ストック＆トゥー・スモーキング・バレルズ,"Comedy, Crime",コメディ、犯罪,Guy Ritchie,ガイ・リッチー,"Jason Flemyng, Dexter Fletcher, Nick Moran, Jason Statham",ジェイソン・フレミン、デクスター・フレッチャー、ニック・モラン、ジェイソン・ステイサム,"A botched card game in London triggers four friends, thugs, weed-growers, hard gangsters, loan sharks and debt collectors to collide with each other in a series of unexpected events, all for the sake of weed, cash and two antique shotguns.",ロンドンでの失敗したカードゲームは、4人の友人、凶悪犯、雑草の栽培者、ハードギャング、ローンサメ、債権コレクターをトリガーします。
113,Mr. Smith Goes to Washington,スミス氏はワシントンに行きます,"Comedy, Drama",コメディ、ドラマ,Frank Capra,フランク・キャプラ,"Jean Arthur, James Stewart, Claude Rains, Edward Arnold",ジャン・アーサー、ジェームズ・スチュワート、クロード・レインズ、エドワード・アーノルド,"A naive man is appointed to fill a vacancy in the United States Senate. His plans promptly collide with political corruption, but he doesn't back down.",米国上院で空席を埋めるために、素朴な男が任命されます。彼の計画はすぐに政治的腐敗と衝突しますが、彼は後退しません。
114,Casino,カジノ,"Crime, Drama",犯罪ドラマ,Martin Scorsese,マーティン・スコセッシ,"Robert De Niro, Sharon Stone, Joe Pesci, James Woods",ロバート・デ・ニーロ、シャロン・ストーン、ジョー・ペシ、ジェームズ・ウッズ,"Greed, deception, money, power, and murder occur between two best friends: a mafia underboss and a casino owner, for a trophy wife over a gambling empire.",貪欲、欺ception、お金、権力、殺人は、ギャンブル帝国のトロフィー妻のために、マフィアのアンダーボスとカジノの所有者という2人の親友の間で起こります。
115,A Beautiful Mind,美しい心,"Biography, Drama",伝記、ドラマ,Ron Howard,ロン・ハワード,"Russell Crowe, Ed Harris, Jennifer Connelly, Christopher Plummer",ラッセル・クロウ、エド・ハリス、ジェニファー・コネリー、クリストファー・プラマー,"After John Nash, a brilliant but asocial mathematician, accepts secret work in cryptography, his life takes a turn for the nightmarish.",華麗だが社会的な数学者であるジョン・ナッシュが暗号化の秘密の仕事を受け入れた後、彼の人生は悪夢のために変わります。
116,Logan,ローガン,"Action, Drama, Sci-Fi",アクション、ドラマ、SF,James Mangold,ジェームズ・マンゴールド,"Hugh Jackman, Patrick Stewart, Dafne Keen, Boyd Holbrook",ヒュー・ジャックマン、パトリック・スチュワート、ダフネ・キーン、ボイド・ホルブルック,"In the near future, a weary Logan cares for an ailing Professor X somewhere on the Mexican border. However, Logan's attempts to hide from the world and his legacy are upended when a young mutant arrives, pursued by dark forces.",近い将来、疲れたローガンは、メキシコ国境のどこかで病気の教授Xを気にします。しかし、ローガンの世界から隠そうとする試みと彼の遺産は、若いミュータントが到着し、暗い力によって追求されたときに倒されます。
117,The Elephant Man,象の男,"Biography, Drama",伝記、ドラマ,David Lynch,デビッド・リンチ,"Anthony Hopkins, John Hurt, Anne Bancroft, John Gielgud",アンソニー・ホプキンス、ジョン・ハート、アン・バンクロフト、ジョン・ギルグード,"A Victorian surgeon rescues a heavily disfigured man who is mistreated while scraping a living as a side-show freak. Behind his monstrous facade, there is revealed a person of intelligence and sensitivity.",ビクトリア朝の外科医は、サイドショーのフリークとして生計をかけながら虐待されている重く障害のある男性を救出します。彼の巨大なファサードの背後には、知性と感受性の人が明らかにされています。
118,V for Vendetta,vヴェンデッタ用,"Action, Drama, Thriller",アクション、ドラマ、スリラー,James McTeigue,ジェームズ・マクティグ,"Natalie Portman, Hugo Weaving, Stephen Rea, Stephen Fry",ナタリー・ポートマン、ヒューゴ・ウィービング、スティーブン・レア、スティーブン・フライ,"In a future British tyranny, a shadowy freedom fighter, known only by the alias of ""V"", plots to overthrow it with the help of a young woman.",将来、英国の専制政治は、「V」の別名でのみ知られている影の自由の戦士であり、若い女性の助けを借りてそれを転覆させることを計画しています。
119,The General,一般的な,"Action, Adventure, Comedy",アクション、冒険、コメディ,"Clyde Bruckman, Buster Keaton",クライド・ブルックマン、バスター・キートン,"Buster Keaton, Marion Mack, Glen Cavender, Jim Farley",バスター・キートン、マリオン・マック、グレン・キャベンダー、ジム・ファーリー,"When Union spies steal an engineer's beloved locomotive, he pursues it single-handedly and straight through enemy lines.",ユニオンスパイがエンジニアの最愛の機関車を盗むと、彼はそれを独力で、敵の線をまっすぐに追いかけます。
120,The Wolf of Wall Street,ウルフ・オブ・ウォールストリート,"Biography, Comedy, Crime",伝記、コメディ、犯罪,Martin Scorsese,マーティン・スコセッシ,"Leonardo DiCaprio, Jonah Hill, Margot Robbie, Matthew McConaughey",レオナルド・ディカプリオ、ジョナ・ヒル、マーゴット・ロビー、マシュー・マコノヒー,"Based on the true story of Jordan Belfort, from his rise to a wealthy stock-broker living the high life to his fall involving crime, corruption and the federal government.",ヨルダン・ベルフォートの実話に基づいて、彼の台頭から裕福な株式仲介業者まで、高い生活を送ることまで、犯罪、腐敗、連邦政府を含む彼の転倒まで。
121,Warrior,戦士,"Action, Drama, Sport",アクション、ドラマ、スポーツ,Gavin O'Connor,ギャビン・オコナー,"Joel Edgerton, Tom Hardy, Nick Nolte, Jennifer Morrison",ジョエル・エッガートン、トム・ハーディ、ニック・ノルテ、ジェニファー・モリソン,"The youngest son of an alcoholic former boxer returns home, where he's trained by his father for competition in a mixed martial arts tournament - a path that puts the fighter on a collision course with his estranged, older brother.",アルコール依存症の元ボクサーの最年少の息子が家に帰ります。そこでは、彼は父親が父親から競争のために訓練を受けており、ミックス・マーシャルアーツトーナメントで訓練されています。
122,Dial M for Murder,殺人のためにMをダイヤルします,"Crime, Film-Noir, Thriller",犯罪、映画ノア、スリラー,Alfred Hitchcock,アルフレッド・ヒッチコック,"Ray Milland, Grace Kelly, Robert Cummings, John Williams",レイ・ミラン、グレース・ケリー、ロバート・カミングス、ジョン・ウィリアムズ,"An ex-tennis pro carries out a plot to murder his wife. When things go wrong, he improvises a brilliant plan B.",元テニスプロは、彼の妻を殺すための陰謀を実行します。物事がうまくいかないとき、彼は素晴らしい計画Bを即興します
123,Gran Torino,グラントリノ,Drama,ドラマ,Clint Eastwood,クリント・イーストウッド,"Clint Eastwood, Christopher Carley, Bee Vang, Ahney Her",クリント・イーストウッド、クリストファー・カーリー、ビー・ヴァン、ahney彼女,"Disgruntled Korean War veteran Walt Kowalski sets out to reform his neighbor, a Hmong teenager who tried to steal Kowalski's prized possession: a 1972 Gran Torino.",不満を抱いた韓国戦争のベテランであるウォルト・コワルスキーは、隣人、コワルスキーの貴重な所有物を盗もうとしたモン族のティーンエイジャーである1972年のグラン・トリノを改革しようとしています。
124,The Deer Hunter,鹿ハンター,"Drama, War",ドラマ、戦争,Michael Cimino,マイケル・シミノ,"Robert De Niro, John Cazale, John Savage, Christopher Walken",ロバート・デ・ニーロ、ジョン・カザール、ジョン・サベージ、クリストファー・ウォーケン,An in-depth examination of the ways in which the U.S. Vietnam War impacts and disrupts the lives of people in a small industrial town in Pennsylvania.,米国ベトナム戦争がペンシルベニア州の小さな工業都市の人々の生活に影響を与え、混乱させる方法の詳細な調査。
125,Hacksaw Ridge,ハックソーリッジ,"Biography, Drama, History",伝記、ドラマ、歴史,Mel Gibson,メルギブソン,"Andrew Garfield, Richard Pyros, Jacob Warner, Milo Gibson",アンドリュー・ガーフィールド、リチャード・ピロス、ジェイコブ・ワーナー、ミロ・ギブソン,"WWII American Army Medic Desmond T. Doss, who served during the Battle of Okinawa, refuses to kill people, and becomes the first man in American history to receive the Medal of Honor without firing a shot.",第二次世界大戦のアメリカ陸軍メディックデズモンドT.ドスは、沖縄の戦いで奉仕し、人々を殺すことを拒否し、ショットを発射せずにメダルの名誉を受け取ったアメリカ史上初の男になります。
126,Gone with the Wind,風と共に去りぬ,"Drama, History, Romance",ドラマ、歴史、ロマンス,"Victor Fleming, George Cukor, Sam Wood",ビクター・フレミング、ジョージ・クコール、サム・ウッド,"Thomas Mitchell, Barbara O'Neil, Vivien Leigh, Evelyn Keyes",トーマス・ミッチェル、バーバラ・オニール、ヴィヴィアン・リー、イヴリン・キーズ,A manipulative woman and a roguish man conduct a turbulent romance during the American Civil War and Reconstruction periods.,アメリカの内戦と再建期間中、操作的な女性と厄介な男性が乱流のロマンスを行います。
127,Fargo,ファーゴ,"Crime, Drama, Thriller",犯罪、ドラマ、スリラー,"Joel Coen, Ethan Coen",ジョエル・コーエン、イーサン・コーエン,"William H. Macy, Steve Buscemi, Peter Stormare, Kristin Rudrüd",ウィリアム・H・メイシー、スティーブ・ブシェミ、ピーター・ストーメア、クリスティン・ルドリュード,Jerry Lundegaard's inept crime falls apart due to his and his henchmen's bungling and the persistent police work of the quite pregnant Marge Gunderson.,ジェリー・ルンデガードの不適切な犯罪は、彼と彼の子分のぶら下がりとかなり妊娠したマージ・ガンダーソンの永続的な警察の仕事のためにばらばらになります。
128,The Big Lebowski,大きなルボウスキ,"Comedy, Crime",コメディ、犯罪,"Joel Coen, Ethan Coen",ジョエル・コーエン、イーサン・コーエン,"Jeff Bridges, John Goodman, Julianne Moore, Steve Buscemi",ジェフ・ブリッジズ、ジョン・グッドマン、ジュリアン・ムーア、スティーブ・ブシェミ,"""The Dude"" Lebowski, mistaken for a millionaire Lebowski, seeks restitution for his ruined rug and enlists his bowling buddies to help get it.",「The Dude」Lebowskiは、億万長者のLebowskiと間違え、廃rugの賠償を求めて、ボウリングの仲間にそれを手伝うために参加します。
129,The Thing,事,"Horror, Mystery, Sci-Fi",ホラー、ミステリー、SF,John Carpenter,ジョン・カーペンター,"Kurt Russell, Wilford Brimley, T.K. Carter, David Clennon",カート・ラッセル、ウィルフォード・ブリムリー、T.K。カーター、デビッド・クレノン,A research facility in Antarctica comes across an alien force that can become anything it touches with 100% accuracy. The members must now find out who's human and who's not before it's too late.,南極の研究施設は、100％の精度で触れるものになる可能性のあるエイリアンの力に出くわします。メンバーは、手遅れになる前に誰が人間であり、誰が誰であるかを見つけなければなりません。
130,Finding Nemo,ファインディング・ニモ,"Animation, Adventure, Comedy",アニメーション、冒険、コメディ,"Andrew Stanton, Lee Unkrich",アンドリュー・スタントン、リー・ウンクリッチ,"Albert Brooks, Ellen DeGeneres, Alexander Gould, Willem Dafoe",アルバート・ブルックス、エレン・デジェネレス、アレクサンダー・グールド、ウィレム・ダフォー,"After his son is captured in the Great Barrier Reef and taken to Sydney, a timid clownfish sets out on a journey to bring him home.",彼の息子がグレートバリアリーフに捕らえられ、シドニーに連れて行かれた後、ti病なカクレク魚が彼を家に連れて帰る旅に出かけます。
131,No Country for Old Men,老人のための国はありません,"Crime, Drama, Thriller",犯罪、ドラマ、スリラー,"Ethan Coen, Joel Coen",イーサン・コーエン、ジョエル・コーエン,"Tommy Lee Jones, Javier Bardem, Josh Brolin, Woody Harrelson",トミー・リー・ジョーンズ、ハビエル・バルデム、ジョシュ・ブローリン、ウッディ・ハレルソン,Violence and mayhem ensue after a hunter stumbles upon a drug deal gone wrong and more than two million dollars in cash near the Rio Grande.,ハンターが麻薬取引が間違っていて、リオグランデの近くで200万ドル以上の現金につまずいた後、暴力と騒乱が続きます。
132,Cool Hand Luke,かっこいいルーク,"Crime, Drama",犯罪ドラマ,Stuart Rosenberg,スチュアートローゼンバーグ,"Paul Newman, George Kennedy, J.D. Cannon, Lou Antonio",ポール・ニューマン、ジョージ・ケネディ、J.D。キャノン、ルーアントニオ,A man refuses to conform to life in a rural prison.,男は田舎の刑務所での生活に適合することを拒否します。
133,Rebecca,レベッカ,"Drama, Mystery, Romance",ドラマ、ミステリー、ロマンス,Alfred Hitchcock,アルフレッド・ヒッチコック,"Laurence Olivier, Joan Fontaine, George Sanders, Judith Anderson",ローレンス・オリビエ、ジョーン・フォンテーヌ、ジョージ・サンダース、ジュディス・アンダーソン,A self-conscious bride is tormented by the memory of her husband's dead first wife.,自己意識のある花嫁は、夫の死んだ最初の妻の記憶によって苦しめられています。
134,There Will Be Blood,血があります,"Drama, History",ドラマ、歴史,Paul Thomas Anderson,ポール・トーマス・アンダーソン,"Daniel Day-Lewis, Martin Stringer, Matthew Braden Stringer, Jacob Stringer",ダニエル・デイ・ルイス、マーティン・ストリンガー、マシュー・ブレイデン・ストリンガー、ジェイコブ・ストリンガー,"A story of family, religion, hatred, oil and madness, focusing on a turn-of-the-century prospector in the early days of the business.",家族、宗教、憎しみ、石油、狂気の物語。ビジネスの初期の世紀の探鉱者に焦点を当てています。
135,How to Train Your Dragon,あなたのドラゴンを訓練する方法,"Animation, Action, Adventure",アニメーション、アクション、冒険,"Dean DeBlois, Chris Sanders",ディーン・デブロワ、クリス・サンダース,"Jay Baruchel, Gerard Butler, Craig Ferguson, America Ferrera",ジェイ・バルシェル、ジェラルド・バトラー、クレイグ・ファーガソン、アメリカフェレラ,"A hapless young Viking who aspires to hunt dragons becomes the unlikely friend of a young dragon himself, and learns there may be more to the creatures than he assumed.",ドラゴンズを狩ることを目指している不幸な若いバイキングは、若いドラゴン自身のありそうもない友人になり、彼が想定していたよりも多くの生き物があるかもしれないことを学びます。
136,Kill Bill: Vol. 1,ビルを殺す：vol。 1,"Action, Crime, Thriller",アクション、犯罪、スリラー,Quentin Tarantino,クエンティン・タランティーノ,"Uma Thurman, Lucy Liu, Vivica A. Fox, Daryl Hannah",ウマ・サーマン、ルーシー・リュー、ヴィヴィカ・A・フォックス、ダリル・ハンナ,The Bride wakens from a four-year coma. The child she carried in her womb is gone. Now she must wreak vengeance on the team of assassins who betrayed her - a team she was once part of.,花嫁は4年間のcom睡状態から目覚めます。彼女が彼女の子宮で運んだ子供はいなくなりました。今、彼女は彼女を裏切った暗殺者のチームに復geをもたらさなければなりません - 彼女はかつて彼女の一部だったチームです。
137,Mary and Max,メアリーとマックス,"Animation, Comedy, Drama",アニメーション、コメディ、ドラマ,Adam Elliot,アダム・エリオット,"Toni Collette, Philip Seymour Hoffman, Barry Humphries, Eric Bana",トニ・コレット、フィリップ・シーモア・ホフマン、バリー・ハンフリーズ、エリック・バナ,"A tale of friendship between two unlikely pen pals: Mary, a lonely, eight-year-old girl living in the suburbs of Melbourne, and Max, a forty-four-year old, severely obese man living in New York.",2人のありそうもないペン仲間の間の友情の物語：メルボルンの郊外に住んでいる孤独な8歳の少女メアリーと、ニューヨークに住んでいる44歳の重度の肥満の男性であるマックス。
138,Into the Wild,野生に,"Adventure, Biography, Drama",冒険、伝記、ドラマ,Sean Penn,ショーン・ペン,"Emile Hirsch, Marcia Gay Harden, William Hurt, Jena Malone",エミール・ハーシュ、マーシア・ゲイ・ハーデン、ウィリアム・ハート、イエナ・マローン,"After graduating from Emory University, top student and athlete Christopher McCandless abandons his possessions, gives his entire $24,000 savings account to charity and hitchhikes to Alaska to live in the wilderness. Along the way, Christopher encounters a series of characters that shape his life.","エモリー大学を卒業した後、トップの学生でアスリートのクリストファー・マッカンドレスは彼の所有物を捨て、24,000ドルの普通預金口座を慈善団体に与え、ヒッチヒークスをアラスカに渡して荒野に住んでいます。途中で、クリストファーは彼の人生を形作る一連のキャラクターに遭遇します。"
139,It Happened One Night,ある夜起こった,"Comedy, Romance",コメディ、ロマンス,Frank Capra,フランク・キャプラ,"Clark Gable, Claudette Colbert, Walter Connolly, Roscoe Karns",クラーク・ゲーブル、クローデット・コルバート、ウォルター・コノリー、ロスコー・カーンズ,A spoiled heiress running away from her family is helped by a man who is actually a reporter in need of a story.,彼女の家族から逃げる腐敗した相続人は、実際に物語を必要としている記者である男性に助けられます。
140,Shutter Island,シャッターアイランド,"Mystery, Thriller",ミステリー、スリラー,Martin Scorsese,マーティン・スコセッシ,"Leonardo DiCaprio, Mark Ruffalo, Ben Kingsley, Max von Sydow",レオナルド・ディカプリオ、マーク・ラファロ、ベン・キングスレー、マックス・フォン・シドウ,"In 1954, a U.S. marshal investigates the disappearance of a murderess who escaped from a hospital for the criminally insane.",1954年、米国の元sは、犯罪的に狂ったために病院から逃げた殺人者の消失を調査しています。
141,Life of Brian,ブライアンの生活,Comedy,コメディ,Terry Jones,テリー・ジョーンズ,"Graham Chapman, John Cleese, Terry Gilliam, Eric Idle",グラハムチャップマン、ジョンクリーズ、テリーギリアム、エリックアイドル,"Brian is born on the original Christmas, in the stable next door. He spends his life being mistaken for a messiah.",ブライアンは、オリジナルのクリスマス、隣の安定したドアで生まれました。彼は自分の人生をメシアと間違えて過ごします。
142,Platoon,小隊,"Drama, War",ドラマ、戦争,Oliver Stone,オリバーストーン,"Tom Berenger, Keith David, Willem Dafoe, Forest Whitaker",トム・ベレンジャー、キース・デイビッド、ウィレム・ダフォー、フォレスト・ウィテカー,A young recruit in Vietnam faces a moral crisis when confronted with the horrors of war and the duality of man.,ベトナムの若い新兵は、戦争の恐怖と人間の二重性に直面したとき、道徳的な危機に直面しています。
143,Wild Tales,ワイルドテイルズ,"Comedy, Drama, Thriller",コメディ、ドラマ、スリラー,Damián Szifron,ダミアン・シフロン,"Darío Grandinetti, María Marull, Mónica Villa, Rita Cortese",ダリオ・グランディネッティ、マリア・マルル、モニカ・ヴィラ、リタ・コルテス,Six short stories that explore the extremities of human behavior involving people in distress.,苦しんでいる人々を含む人間の行動の四肢を探求する6つの短編小説。
144,Hotel Rwanda,ホテルルワンダ,"Biography, Drama, History",伝記、ドラマ、歴史,Terry George,テリージョージ,"Don Cheadle, Xolani Mali, Desmond Dube, Hakeem Kae-Kazim",ドン・チードル、Xolani Mali、Desmond Dube、Hakeem Kae-Kazim,Paul Rusesabagina was a hotel manager who housed over a thousand Tutsi refugees during their struggle against the Hutu militia in Rwanda.,"Paul Rusesabaginaは、ルワンダのHutu民兵との闘いの間に1,000人以上のツチの難民を収容したホテルのマネージャーでした。"
145,Rush,急ぐ,"Action, Biography, Drama",アクション、伝記、ドラマ,Ron Howard,ロン・ハワード,"Chris Hemsworth, Daniel Brühl, Olivia Wilde, Alexandra Maria Lara",クリス・ヘムズワース、ダニエル・ブリュール、オリビア・ワイルド、アレクサンドラ・マリア・ララ,The merciless 1970s rivalry between Formula One rivals James Hunt and Niki Lauda.,フォーミュラワンの間の容赦ない1970年代のライバルは、ジェームズハントとニキラウダに匹敵します。
146,Network,通信網,Drama,ドラマ,Sidney Lumet,シドニールメット,"Faye Dunaway, William Holden, Peter Finch, Robert Duvall",フェイ・ダナウェイ、ウィリアム・ホールデン、ピーター・フィンチ、ロバート・デュバル,A television network cynically exploits a deranged former anchor's ravings and revelations about the news media for its own profit.,テレビネットワークは、ニュースメディアについての利益のために、狂った以前のアンカーの絶賛と啓示を皮肉に搾取しています。
147,In the Name of the Father,父の名において,"Biography, Drama",伝記、ドラマ,Jim Sheridan,ジム・シェリダン,"Alison Crosbie, Daniel Day-Lewis, Philip King, Emma Thompson",アリソン・クロスビー、ダニエル・デイ・ルイス、フィリップ・キング、エマ・トンプソン,A man's coerced confession to an IRA bombing he did not commit results in the imprisonment of his father as well. An English lawyer fights to free them.,IRAの爆撃に対する男性の強制された告白は、父親の投獄にも結果を犯しませんでした。英国の弁護士が彼らを解放するために戦います。
148,Stand by Me,私を支援する,"Adventure, Drama",冒険、ドラマ,Rob Reiner,ロブ・ライナー,"Wil Wheaton, River Phoenix, Corey Feldman, Jerry O'Connell",ウィルウィートン、リバーフェニックス、コーリーフェルドマン、ジェリーオコンネル,"After the death of a friend, a writer recounts a boyhood journey to find the body of a missing boy.",友人の死後、作家は、行方不明の少年の体を見つけるために少年時代の旅を語ります。
149,The 400 Blows,400の打撃,"Crime, Drama",犯罪ドラマ,François Truffaut,フランソワ・トリュフォー,"Jean-Pierre Léaud, Claire Maurier, Albert Rémy, Guy Decomble",ジャン・ピエール・レウド、クレア・モーリエ、アルバート・レミー、男分解,"Moving story of a young boy who, left without attention, delves into a life of petty crime.",注意を払わずに残された少年の物語は、ささいな犯罪の生活を掘り下げます。
150,Ben-Hur,ベンハー,"Adventure, Drama, History",冒険、ドラマ、歴史,William Wyler,ウィリアム・ワイラー,"Charlton Heston, Jack Hawkins, Haya Harareet, Stephen Boyd",チャールトン・ヘストン、ジャック・ホーキンス、ハヤ・ハリエット、スティーブン・ボイド,"When a Jewish prince is betrayed and sent into slavery by a Roman friend, he regains his freedom and comes back for revenge.",ユダヤ人の王子が裏切られ、ローマの友人から奴隷制に送られたとき、彼は自由を取り戻し、復venのために戻ってきます。
151,Spotlight,スポットライト,"Crime, Drama, History",犯罪、ドラマ、歴史,Tom McCarthy,トム・マッカーシー,"Mark Ruffalo, Michael Keaton, Rachel McAdams, Liev Schreiber",マーク・ラファロ、マイケル・キートン、レイチェル・マカダムス、リーフ・シュライバー,"The true story of how the Boston Globe uncovered the massive scandal of child molestation and cover-up within the local Catholic Archdiocese, shaking the entire Catholic Church to its core.",ボストングローブがどのようにして地元のカトリック大司教区内で児童虐待と隠蔽の大規模なスキャンダルを明らかにし、カトリック教会全体をその核に揺さぶったという真の物語。
152,Mad Max: Fury Road,マッドマックス：フューリーロード,"Action, Adventure, Sci-Fi",アクション、アドベンチャー、SF,George Miller,ジョージ・ミラー,"Tom Hardy, Charlize Theron, Nicholas Hoult, Hugh Keays-Byrne",トム・ハーディ、シャーリーズ・セロン、ニコラス・ホルト、ヒュー・キーイ・ビルン,"A woman rebels against a tyrannical ruler in postapocalyptic Australia in search for her home-land with the help of a group of female prisoners, a psychotic worshipper, and a drifter named Max.",女性は、女性囚人のグループ、精神病の崇拝者、マックスというドリフターの助けを借りて、黙示録的なオーストラリアの専制的な支配者に反抗します。
153,Million Dollar Baby,数百万ドルの赤ちゃん,"Drama, Sport",ドラマ、スポーツ,Clint Eastwood,クリント・イーストウッド,"Clint Eastwood, Hilary Swank, Morgan Freeman, Jay Baruchel",クリント・イーストウッド、ヒラリー・スワンク、モーガン・フリーマン、ジェイ・バルシェル,A determined woman works with a hardened boxing trainer to become a professional.,決心した女性は、強化されたボクシングトレーナーと協力して専門家になります。
154,Butch Cassidy and the Sundance Kid,ブッチキャシディとサンダンスの子供,"Biography, Crime, Drama",伝記、犯罪、ドラマ,George Roy Hill,ジョージ・ロイ・ヒル,"Paul Newman, Robert Redford, Katharine Ross, Strother Martin",ポール・ニューマン、ロバート・レッドフォード、キャサリン・ロス、ストラザー・マーティン,Two Western bank/train robbers flee to Bolivia when the law gets too close.,法律が近づきすぎると、2人の西部銀行/鉄道強盗がボリビアに逃げました。
155,Jurassic Park,ジュラシック・パーク,"Adventure, Sci-Fi, Thriller",アドベンチャー、SF、スリラー,Steven Spielberg,スティーブン・スピルバーグ,"Sam Neill, Laura Dern, Jeff Goldblum, Richard Attenborough",サム・ニール、ローラ・ダーン、ジェフ・ゴールドブラム、リチャード・アッテンボロー,"During a preview tour, a theme park suffers a major power breakdown that allows its cloned dinosaur exhibits to run amok.",プレビューツアー中、テーマパークは、クローン化された恐竜の展示がアモックを実行できるようにする大きな電力崩壊に苦しんでいます。
156,Amores Perros,アモレス・ペロス,"Drama, Thriller",ドラマ、スリラー,Alejandro González Iñárritu,アレハンドロ・ゴンザレス・イニャリトゥ,"Emilio Echevarría, Gael García Bernal, Goya Toledo, Álvaro Guerrero",エミリオ・エケバリャ、ガエル・ガルシア・ベルナル、ゴヤ・トレド、アルバロ・ゲレロ,"A horrific car accident connects three stories, each involving characters dealing with loss, regret, and life's harsh realities, all in the name of love.",恐ろしい自動車事故は、3つのストーリーを結び付けます。それぞれが、喪失、後悔、人生の厳しい現実を扱うキャラクターを含みます。
157,The Maltese Falcon,マルタのファルコン,"Film-Noir, Mystery",映画ノア、ミステリー,John Huston,ジョン・ヒューストン,"Humphrey Bogart, Mary Astor, Gladys George, Peter Lorre",ハンフリー・ボガート、メアリー・アスター、グラディス・ジョージ、ピーター・ロール,"A private detective takes on a case that involves him with three eccentric criminals, a gorgeous liar, and their quest for a priceless statuette.",私立探偵は、彼が3人の風変わりな犯罪者、豪華な嘘つき、そして貴重な像の探求との彼を含む事件を引き受けます。
158,The Truman Show,トルーマンショー,"Comedy, Drama, Sci-Fi",コメディ、ドラマ、SF,Peter Weir,ピーター・ウィアー,"Jim Carrey, Laura Linney, Noah Emmerich, Natascha McElhone",ジム・キャリー、ローラ・リニー、ノア・エメリッヒ、ナタシャ・マケルホン,An insurance salesman/adjuster discovers his entire life is actually a television show.,保険のセールスマン/アジャスターは、彼の人生全体が実際にテレビ番組であることを発見します。
159,The Nights of Cabiria,カビリアの夜,Drama,ドラマ,Federico Fellini,フェデリコ・フェリーニ,"Giulietta Masina, François Périer, Franca Marzi, Dorian Gray",ジュリエッタ・マシナ、フランソワ・ペリア、フランカ・マルジ、ドリアン・グレイ,A waifish prostitute wanders the streets of Rome looking for true love but finds only heartbreak.,ワイフィッシュの売春婦は、真の愛を探してローマの街をさまよいますが、失恋だけを見つけます。
160,The Princess Bride,王女の花嫁,"Adventure, Family, Fantasy",冒険、家族、ファンタジー,Rob Reiner,ロブ・ライナー,"Cary Elwes, Mandy Patinkin, Chris Sarandon, Christopher Guest",キャリー・エルウェス、マンディ・パティンキン、クリス・サランドン、クリストファー・ゲスト,"While home sick in bed, a young boy's grandfather reads him a story called The Princess Bride.",ベッドで病気になっている間、少年の祖父は彼にプリンセスブライドと呼ばれる物語を読みます。
161,Hachi: A Dog's Tale,ハチ：犬の物語,"Drama, Family",ドラマ、家族,Lasse Hallström,ラッセ・ホールストローム,"Richard Gere, Joan Allen, Cary-Hiroyuki Tagawa, Sarah Roemer",リチャード・ゲレ、ジョーン・アレン、キャリー・ヒロユキタガワ、サラ・ローマー,A college professor's bond with the abandoned dog he takes into his home.,彼が家に連れて行く捨てられた犬との大学教授の絆。
162,Before Sunrise,日の出前に,"Drama, Romance",ドラマ、ロマンス,Richard Linklater,リチャード・リンクレイター,"Ethan Hawke, Julie Delpy, Andrea Eckert, Hanno Pöschl",イーサン・ホーク、ジュリー・デルピー、アンドレア・エッカート、ハンノ・ペシュル,"A young man and woman meet on a train in Europe, and wind up spending one evening together in Vienna. Unfortunately, both know that this will probably be their only night together.",若い男性と女性がヨーロッパの電車で会い、ウィーンで1晩一緒に過ごすことになります。残念ながら、どちらもこれがおそらく一緒に唯一の夜になることを知っています。
163,The Grapes of Wrath,怒りの葡萄,"Drama, History",ドラマ、歴史,John Ford,ジョン・フォード,"Henry Fonda, Jane Darwell, John Carradine, Charley Grapewin",ヘンリー・フォンダ、ジェーン・ダーウェル、ジョン・キャラディーン、チャーリー・グラペウィン,"A poor Midwest family is forced off their land. They travel to California, suffering the misfortunes of the homeless in the Great Depression.",貧しい中西部の家族は彼らの土地から追い出されます。彼らはカリフォルニアに旅行し、大恐pressionでホームレスの不幸に苦しんでいます。
164,Harry Potter and the Deathly Hallows: Part 2,ハリー・ポッターと死の秘宝：パート2,"Adventure, Drama, Fantasy",冒険、ドラマ、ファンタジー,David Yates,デビッドイェーツ,"Ralph Fiennes, Michael Gambon, Alan Rickman, Daniel Radcliffe",ラルフ・ファインズ、マイケル・ガンボン、アラン・リックマン、ダニエル・ラドクリフ,"Harry, Ron and Hermione search for Voldemort's remaining Horcruxes in their effort to destroy the Dark Lord as the final battle rages on at Hogwarts.",ハリー、ロン、ハーマイオニーは、ホグワーツでの最終的な戦いが激怒したため、暗黒Lordを破壊するためにヴォルデモートの残りのホルクルクスを探しています。
165,Rocky,ロッキー,"Drama, Sport",ドラマ、スポーツ,John G. Avildsen,ジョン・G・アビルデン,"Sylvester Stallone, Talia Shire, Burt Young, Carl Weathers",シルベスター・スタローン、タリア・シャイア、バート・ヤング、カール・ウェザーズ,"Rocky Balboa, a small-time boxer, gets a supremely rare chance to fight heavy-weight champion Apollo Creed in a bout in which he strives to go the distance for his self-respect.",小さな時間のボクサーであるロッキーバルボアは、自尊心のために遠くに行くよう努力する試合で、重量のチャンピオンであるアポロクリードと戦うための非常にまれなチャンスを得ます。
166,Prisoners,囚人,"Crime, Drama, Mystery",犯罪、ドラマ、ミステリー,Denis Villeneuve,デニス・ビルヌーブ,"Hugh Jackman, Jake Gyllenhaal, Viola Davis, Maria Bello",ヒュー・ジャックマン、ジェイク・ギレンホール、ヴィオラ・デイビス、マリア・ベロ,"When Keller Dover's daughter and her friend go missing, he takes matters into his own hands as the police pursue multiple leads and the pressure mounts.",ケラードーバーの娘と彼女の友人が行方不明になると、警察が複数のリードとプレッシャーマウントを追求するにつれて、彼は自分の手に問題を取ります。
167,Touch of Evil,悪のタッチ,"Crime, Drama, Film-Noir",犯罪、ドラマ、映画ノア,Orson Welles,オーソンウェルズ,"Charlton Heston, Janet Leigh, Orson Welles, Joseph Calleia",チャールトン・ヘストン、ジャネット・リー、オーソン・ウェルズ、ジョセフ・カレイア,"A stark, perverse story of murder, kidnapping, and police corruption in a Mexican border town.",メキシコの国境の町での殺人、誘n、警察の腐敗の厳しい、ひねくれた物語。
168,Gandhi,ガンディー,"Biography, Drama, History",伝記、ドラマ、歴史,Richard Attenborough,リチャード・アッテンボロー,"Ben Kingsley, Candice Bergen, Edward Fox, John Gielgud",ベン・キングスレー、キャンディス・ベルゲン、エドワード・フォックス、ジョン・ギルグード,"Gandhi's character is fully explained as a man of nonviolence. Through his patience, he is able to drive the British out of the subcontinent. And the stubborn nature of Jinnah and his commitment towards Pakistan is portrayed.",ガンジーの性格は、非暴力の人として完全に説明されています。彼の忍耐を通して、彼はイギリス人を亜大陸から追い出すことができます。そして、ジンナの頑固な性質とパキスタンに対する彼のコミットメントが描かれています。
169,Annie Hall,アニーホール,"Comedy, Romance",コメディ、ロマンス,Woody Allen,ウッディアレン,"Woody Allen, Diane Keaton, Tony Roberts, Carol Kane",ウッディ・アレン、ダイアン・キートン、トニー・ロバーツ、キャロル・ケイン,Neurotic New York comedian Alvy Singer falls in love with the ditzy Annie Hall.,ニューヨークのニューヨークのコメディアンであるアルビーシンガーは、ディッジーアニーホールに恋をしています。
170,Catch Me If You Can,できれば私を捕まえてください,"Biography, Crime, Drama",伝記、犯罪、ドラマ,Steven Spielberg,スティーブン・スピルバーグ,"Leonardo DiCaprio, Tom Hanks, Christopher Walken, Martin Sheen",レオナルド・ディカプリオ、トム・ハンクス、クリストファー・ウォーケン、マーティン・シーン,"The story of 'Frank Abagnale Jr., before his 19th birthday, successfully forged millions of dollars' worth of checks while posing as a Pan Am pilot, a doctor, and legal prosecutor as a seasoned and dedicated FBI agent pursues him.",「フランク・アバグナール・ジュニアの物語は、19歳の誕生日の前に、パンアムのパイロット、医師、および献身的な献身的なFBIエージェントとしての法的検察官としての数百万ドル相当の小切手を首尾よく築きました。
171,Donnie Darko,ドニー・ダーコ,"Drama, Sci-Fi, Thriller",ドラマ、SF、スリラー,Richard Kelly,リチャード・ケリー,"Jake Gyllenhaal, Holmes Osborne, Maggie Gyllenhaal, Daveigh Chase",ジェイク・ギレンホール、ホームズ・オズボーン、マギー・ギレンホール、デイビー・チェイス,"A troubled teenager is plagued by visions of a man in a large rabbit suit who manipulates him to commit a series of crimes, after he narrowly escapes a bizarre accident.",問題を抱えたティーンエイジャーは、彼が奇妙な事故をわずかに逃れた後、一連の犯罪を犯すように彼を操作する大きなウサギのスーツを着た男性のビジョンに悩まされています。
172,The Bourne Ultimatum,ボーン究極,"Action, Mystery, Thriller",アクション、ミステリー、スリラー,Paul Greengrass,ポール・グリーングラス,"Matt Damon, Julia Stiles, David Strathairn, Scott Glenn",マット・デイモン、ジュリア・スタイルズ、デビッド・ストラターン、スコット・グレン,Jason Bourne dodges a ruthless CIA official and his agents from a new assassination program while searching for the origins of his life as a trained killer.,ジェイソン・ボーンは、訓練を受けた殺人者としての彼の人生の起源を探しながら、冷酷なCIAの役人と彼のエージェントを新しい暗殺プログラムから避けています。
173,The Terminator,ターミネータ,"Action, Sci-Fi",アクション、SF,James Cameron,ジェームズ・キャメロン,"Arnold Schwarzenegger, Michael Biehn, Linda Hamilton, Paul Winfield",アーノルド・シュワルツェネッガー、マイケル・ビーン、リンダ・ハミルトン、ポール・ウィンフィールド,"A seemingly indestructible humanoid cyborg is sent from 2029 to 1984 to assassinate a waitress, whose unborn son will lead humanity in a war against the machines, while a soldier from that war is sent to protect her at all costs.",一見不滅のヒューマノイドサイボーグは、2029年から1984年に派遣され、胎児が機械との戦争で人類を率いるウェイトレスを暗殺しますが、その戦争の兵士は彼女を守るために彼女を守るために送られます。
174,The Wizard of Oz,オズの魔法使い,"Adventure, Family, Fantasy",冒険、家族、ファンタジー,"Victor Fleming, George Cukor, Mervyn LeRoy, Norman Taurog, King Vidor",ビクター・フレミング、ジョージ・クコール、マーヴィン・ルロイ、ノーマン・タウログ、キング・ヴィドール,"Judy Garland, Frank Morgan, Ray Bolger, Bert Lahr",ジュディ・ガーランド、フランク・モーガン、レイ・ボルガー、バート・ラー,Dorothy Gale is swept away from a farm in Kansas to a magical land of Oz in a tornado and embarks on a quest with her new friends to see the Wizard who can help her return home in Kansas and help her friends as well.,ドロシー・ゲイルは、カンザスの農場から竜巻の魔法の土地に吹き飛ばされ、彼女の新しい友人との探求に乗り出して、彼女がカンザスに帰るのを手伝って友人を助けることができる魔法使いを見る。
175,Barry Lyndon,バリー・リンドン,"Adventure, Drama, History",冒険、ドラマ、歴史,Stanley Kubrick,スタンリー・キューブリック,"Ryan O'Neal, Marisa Berenson, Patrick Magee, Hardy Krüger",ライアン・オニール、マリサ・ベレンソン、パトリック・マギー、ハーディ・クルガー,An Irish rogue wins the heart of a rich widow and assumes her dead husband's aristocratic position in 18th-century England.,アイルランドのローグは、金持ちの未亡人の心を獲得し、18世紀のイギリスで彼女の死んだ夫の貴族的地位を想定しています。
176,Groundhog Day,マーモットの日,"Comedy, Fantasy, Romance",コメディ、ファンタジー、ロマンス,Harold Ramis,ハロルド・ラミス,"Bill Murray, Andie MacDowell, Chris Elliott, Stephen Tobolowsky",ビル・マレー、アンディー・マクダウェル、クリス・エリオット、スティーブン・トボロウスキー,A weatherman finds himself inexplicably living the same day over and over again.,天気の多い人は、同じ日に何度も何度も不可解に生きていることに気づきます。
177,La Haine,ラ・ハイネ,"Crime, Drama",犯罪ドラマ,Mathieu Kassovitz,マシュー・カソビッツ,"Vincent Cassel, Hubert Koundé, Saïd Taghmaoui, Abdel Ahmed Ghili",ヴィンセント・カッセル、ヒューバート・カウンデ、サイード・タグマウイ、アブデル・アーメド・ギリ,24 hours in the lives of three young men in the French suburbs the day after a violent riot.,暴力的な暴動の翌日、フランス郊外の3人の若い男性の生活の中で24時間。
178,Twelve Monkeys,12個のサル,"Mystery, Sci-Fi, Thriller",ミステリー、SF、スリラー,Terry Gilliam,テリー・ギリアム,"Joseph Melito, Bruce Willis, Jon Seda, Michael Chance",ジョセフ・メリト、ブルース・ウィリス、ジョン・セダ、マイケル・チャンス,"In a future world devastated by disease, a convict is sent back in time to gather information about the man-made virus that wiped out most of the human population on the planet.",病気によって荒廃した将来の世界では、囚人が時間内に送られ、地球上の人口の大部分を一掃した人工ウイルスに関する情報を収集します。
179,Jaws,顎,"Adventure, Drama, Thriller",冒険、ドラマ、スリラー,Steven Spielberg,スティーブン・スピルバーグ,"Roy Scheider, Robert Shaw, Richard Dreyfuss, Lorraine Gary",ロイ・シャイダー、ロバート・ショー、リチャード・ドレイファス、ロレイン・ゲイリー,"A giant great white shark arrives on the shores of a New England beach resort and wreaks havoc with bloody attacks on swimmers, until a local sheriff teams up with a marine biologist and an old seafarer to hunt the monster down.",ニューイングランドのビーチリゾートの海岸に巨大な偉大なサメが到着し、地元の保安官が海洋生物学者と怪物を追い詰めるために古い船員とチームを組むまで、スイマーに対する血なまぐさい攻撃で大混乱をもたらします。
180,The Best Years of Our Lives,私たちの人生の最高の年,"Drama, Romance, War",ドラマ、ロマンス、戦争,William Wyler,ウィリアム・ワイラー,"Myrna Loy, Fredric March, Dana Andrews, Teresa Wright",ミルナ・ロイ、フレドリック・マーチ、ダナ・アンドリュース、テレサ・ライト,Three World War II veterans return home to small-town America to discover that they and their families have been irreparably changed.,3人の第二次世界大戦の退役軍人は、彼らとその家族が取り返しのつかないほど変化していることを発見するために、小さな町アメリカに帰国します。
181,The Help,手伝い,Drama,ドラマ,Tate Taylor,テート・テイラー,"Emma Stone, Viola Davis, Bryce Dallas Howard, Octavia Spencer",エマ・ストーン、ヴィオラ・デイビス、ブライス・ダラス・ハワード、オクタビア・スペンサー,"An aspiring author during the civil rights movement of the 1960s decides to write a book detailing the African American maids' point of view on the white families for which they work, and the hardships they go through on a daily basis.",1960年代の公民権運動中の意欲的な著者は、彼らが働いている白人家族に関するアフリカ系アメリカ人のメイドの視点と、彼らが日常的に経験する困難を詳述する本を書くことにしました。
182,Beauty and the Beast,美女と野獣,"Animation, Family, Fantasy",アニメーション、家族、ファンタジー,"Gary Trousdale, Kirk Wise",ゲイリー・トルスデール、カーク・ワイズ,"Robby Benson, Jesse Corti, Rex Everhart, Angela Lansbury",ロビーベンソン、ジェシーコルティ、レックスエバーハート、アンジェラランズベリー,"A young woman whose father has been imprisoned by a terrifying beast offers herself in his place, unaware that her captor is actually a prince, physically altered by a magic spell.",父親が恐ろしい獣に投獄された若い女性は、彼女の捕虜が魔法の呪文によって物理的に変化した王子であることに気づかず、彼の代わりに自分自身を提供します。
183,Dog Day Afternoon,犬の日の午後,"Biography, Crime, Drama",伝記、犯罪、ドラマ,Sidney Lumet,シドニールメット,"Penelope Allen, Sully Boyar, John Cazale, Beulah Garrick",ペネロペ・アレン、サリー・ボヤール、ジョン・カザール、ベウラ・ガリック,A man robs a bank to pay for his lover's operation; it turns into a hostage situation and a media circus.,男は銀行を奪い、恋人の手術の代金を支払う。それは人質の状況とメディアサーカスに変わります。
184,Pirates of the Caribbean: The Curse of the Black Pearl,パイレーツオブザカリビアン：ブラックパールの呪い,"Action, Adventure, Fantasy",アクション、冒険、ファンタジー,Gore Verbinski,ゴア・ヴェルビンスキー,"Johnny Depp, Geoffrey Rush, Orlando Bloom, Keira Knightley",ジョニー・デップ、ジェフリー・ラッシュ、オーランド・ブルーム、キーラ・ナイトリー,"Blacksmith Will Turner teams up with eccentric pirate ""Captain"" Jack Sparrow to save his love, the governor's daughter, from Jack's former pirate allies, who are now undead.",鍛冶屋は、ターナーがエキセントリックな海賊「キャプテン」ジャック・スパロウと協力して、ジャックの元海賊同盟国からの愛である娘を救います。
185,What Ever Happened to Baby Jane?,ベイビージェーンはどうなりましたか？,"Drama, Horror, Thriller",ドラマ、ホラー、スリラー,Robert Aldrich,ロバート・アルドリッチ,"Bette Davis, Joan Crawford, Victor Buono, Wesley Addy",ベット・デイビス、ジョーン・クロフォード、ビクター・ブオノ、ウェスリー・アディ,A former child star torments her paraplegic sister in their decaying Hollywood mansion.,元チャイルドスターは、崩壊しているハリウッドの邸宅で麻痺した姉妹を苦しめます。